,,1 Year Avg Return,3 Year Avg Return,5 Year Avg Return,lat,lng,population,firstzip
Cullman,AL,0.029739266306457957,0.03206214877220903,0.03307670377672678,34.1777,-86.8407,19920.0,35058
Gallup,NM,0.003837754221496903,0.0042579479760762595,0.0044556100208041904,35.5183,-108.7423,22917.0,87301
Niles,MI,0.023459506436665167,0.02540426559369746,0.026323305230737226,41.8346,-86.2473,11149.0,49120
Dodge City,KS,0.018782960293166173,0.020161303597960423,0.020853819588029676,37.761,-100.0183,27080.0,67801
Coffeyville,KS,-0.002472553312869552,-0.0018186603803145296,-0.0016172934726628174,37.0518,-95.618,9827.0,67337
Bay City,MI,0.02227570817351321,0.023368767528511913,0.024231396739780253,43.5903,-83.8886,66107.0,48706
Statesboro,GA,0.022697489044677388,0.02411359102558852,0.02493583601203464,32.4376,-81.775,42102.0,30460
Shawano,WI,0.013292768528711862,0.013935945488770196,0.01430397001262107,44.7748,-88.5843,10107.0,54166
Kapaa,HI,0.03718968291082647,0.03944500905907322,0.04063158327890193,22.091,-159.352,10544.0,96746
Heber,UT,0.0413025425527469,0.04411508169605538,0.04514319128467181,40.5068,-111.3984,25877.0,84032
Ardmore,OK,0.03280459259748891,0.034848614813454803,0.035914713863105296,34.1944,-97.1253,21245.0,73401
Santa Fe,NM,0.02387333732911423,0.025303627153583363,0.026049833546933243,35.6619,-105.9819,111269.0,87505
Killeen,TX,0.01647798478162099,0.017676004322625394,0.01809452545081669,31.0754,-97.7296,258009.0,76541
Dayton,TN,0.03174671855310218,0.033836043278953065,0.03457825246879165,35.4912,-85.012,10410.0,37321
Kalamazoo,MI,0.025983214848968483,0.02717558577412471,0.027793439772499928,42.2749,-85.5882,215193.0,49001
State College,PA,0.033492978646749716,0.034644757897712486,0.035562485032911706,40.7909,-77.8568,87723.0,16802
Huntington,IN,0.012745618362542732,0.013362412873251461,0.01368991723508639,40.8815,-85.5053,17942.0,46750
Idaho Falls,ID,0.03668915650548854,0.03967373816822817,0.04075694169218225,43.4872,-112.0362,100442.0,83401
Jackson,OH,0.024719494665879083,0.026026145911847598,0.02671285718348826,39.046,-82.6492,11462.0,45640
Point Pleasant,WV,0.026022773197859728,0.02803780681201995,0.028831885470784746,38.8529,-82.1303,10473.0,25550
Gulfport,MS,0.006264560425509158,0.007345611531911045,0.007693784959141414,30.4271,-89.0703,220987.0,39501
Kingsville,TX,0.02519686969682655,0.026994630011125897,0.0278611649504521,27.5094,-97.8611,25120.0,78363
Ogden,UT,0.03334895719648623,0.03612174770850651,0.037113630312316515,41.2278,-111.9682,578523.0,84404
Starkville,MS,0.019851620316440277,0.020285238537573358,0.02109261940304652,33.4608,-88.8297,32546.0,39759
Bluefield,WV,0.02158260417120994,0.02322752128875072,0.023990523335093883,37.2608,-81.2143,40640.0,24701
Parsons,KS,0.0189601561896815,0.019705066810076666,0.020684322142548117,37.3405,-95.2959,9294.0,67335
Forest City,NC,0.022698741831883362,0.02434296686373094,0.02502509382971896,35.3338,-81.8702,25311.0,28043
Sikeston,MO,0.02853029776360727,0.030161256545323978,0.030987775839329323,36.8865,-89.587,16237.0,63801
Wenatchee,WA,0.04541778561040344,0.048342890363570534,0.04990544355025861,47.4356,-120.3283,72350.0,98801
Cedar Rapids,IA,0.019769260583744952,0.020924598176510933,0.02147009671705047,41.9665,-91.6782,188038.0,52404
Augusta,ME,0.03458547098215736,0.036865107932346985,0.038008078529987,44.3341,-69.7319,22116.0,04330
Brenham,TX,0.03205751835644066,0.03395973423341614,0.03504668213073692,30.1585,-96.3964,17823.0,77833
Chillicothe,OH,0.02815226018625494,0.02973799029624402,0.0305853648829586,39.3393,-82.9937,31999.0,45601
Jackson,MS,0.017555077965046628,0.01856016137411509,0.019195712017077593,32.3163,-90.2124,325350.0,39272
Mount Vernon,IL,0.015598346695038012,0.016849235339556623,0.017257745435012906,38.314,-88.9174,15427.0,62864
Richmond,KY,0.029294510564766618,0.03111205979438547,0.03195581949855786,37.7306,-84.2926,40972.0,40475
Indianola,MS,0.023031024684618817,0.02399483566613303,0.02462448350046209,33.4492,-90.6447,8804.0,38751
Hood River,OR,0.04771177924568515,0.05101346493316594,0.052353612958525364,45.7092,-121.5258,15949.0,97031
North Platte,NE,0.028566309743604412,0.030438373137778862,0.031433771526608645,41.1266,-100.764,24098.0,69101
Kalispell,MT,0.030462483095332837,0.03275469121245522,0.03359081494612681,48.2156,-114.3262,39182.0,59901
St. George,UT,0.03478313500735819,0.03716852034443763,0.03769116733570388,37.077,-113.577,120899.0,84770
Syracuse,NY,0.02488460410663884,0.025807596590556647,0.02651225108079669,43.0409,-76.1438,404223.0,13210
Lexington,NE,0.02420220757218816,0.025698575488828368,0.026466274362050735,40.7779,-99.7461,10345.0,68850
Jefferson,GA,0.0363111390950257,0.037968415590030835,0.03923997342662955,34.1373,-83.6021,13322.0,30549
Cornelia,GA,0.015688303861313146,0.01690864901748923,0.017419989551111792,34.517,-83.531,20913.0,30531
Ottawa,IL,-1.9501754530137916e-06,-0.0002277623064698142,-0.00022293892302749363,41.3532,-88.8306,19839.0,61350
Bloomsburg,PA,0.029677336762019113,0.03147338446608283,0.0325270180542534,41.0027,-76.4561,49840.0,17815
Baton Rouge,LA,0.022562598928171695,0.023622347962304557,0.024195031539979706,30.4418,-91.131,570308.0,70836
Longview,WA,0.047093781571979854,0.04965944219530383,0.050908862747793604,46.1461,-122.9629,67081.0,98632
Houston,TX,0.02737094306910315,0.029160768219586464,0.02978883917431996,29.7863,-95.3889,5464251.0,77069
Fairmont,WV,0.029767261681144186,0.031218705071407893,0.03221090318252484,39.4768,-80.1491,32847.0,26554
Terre Haute,IN,0.012242009486724825,0.012998179976582369,0.013520754747109676,39.4654,-87.3763,92490.0,47804
Fort Myers,FL,0.029373649816683223,0.02950730865008211,0.03018508507799056,26.6195,-81.8303,87103.0,33913
Topeka,KS,0.023100519234325878,0.024660383138883635,0.02551375526209254,39.0346,-95.6955,147458.0,66621
Grand Island,NE,0.03452362852954294,0.036699969077264694,0.0376906335614422,40.9214,-98.3584,53296.0,68803
Jacksonville,TX,0.023912797757093207,0.025477585236300726,0.02620025999013853,31.9642,-95.2617,14337.0,75766
Mobile,AL,0.022685875231080344,0.023644077552280374,0.024362543231603917,30.6783,-88.1162,315502.0,36606
Waycross,GA,0.03102203083685806,0.03270867364117547,0.03368804895060529,31.2108,-82.3579,23671.0,31501
Rock Springs,WY,0.006313253358355864,0.007065880692668447,0.007412008348641308,41.5951,-109.2238,25913.0,82901
Sheboygan,WI,0.010136183546771038,0.010953046260102406,0.011770616302221981,43.7403,-87.7316,69393.0,53083
Bemidji,MN,0.03247124130453494,0.0348998272104295,0.035822657832262905,47.4828,-94.8796,16807.0,56601
Susanville,CA,0.030001183134710452,0.03189899922318862,0.033198435236088564,40.4205,-120.6129,8602.0,96130
Mountain Home,AR,0.02715299090550749,0.0289727429491613,0.029807759797431777,36.3348,-92.3846,14317.0,72653
Weatherford,OK,0.021332683464990065,0.02227059093666961,0.02275266089381045,35.5384,-98.6872,11883.0,73096
Salinas,CA,0.04995653469535655,0.05224880239473184,0.053375031958265096,36.6884,-121.6317,190972.0,93901
Mount Sterling,KY,0.025030362742321177,0.026261072158350718,0.027078266381632687,38.0648,-83.9472,11363.0,40353
Platteville,WI,0.020156333410613403,0.02094659865854709,0.021546451463107186,42.728,-90.4676,12100.0,53818
Morehead City,NC,0.0293385089444389,0.030623881487088944,0.03242870654411956,34.7308,-76.7387,49760.0,28557
Eau Claire,WI,0.026722233713685206,0.028849895777410373,0.029794842316291925,44.8199,-91.4949,107404.0,54703
Harrison,AR,0.022985251420164943,0.024407362227105933,0.025174046266086103,36.2438,-93.1198,14097.0,72601
West Plains,MO,0.01855143022734973,0.019826356904142584,0.02025295548248418,36.7378,-91.868,11540.0,65775
Miami,OK,0.03733794844624061,0.03957414504764878,0.040744915554194794,36.8877,-94.8718,15571.0,74354
Huntsville,TX,0.03537081213553894,0.03746332396105845,0.03868887673868193,30.705,-95.5544,40466.0,77340
El Dorado,AR,0.02296952805895791,0.02475383681942489,0.025418507689604075,33.2184,-92.664,17706.0,71730
Waterloo,IA,0.021865841939389785,0.023111453972875617,0.02389340959697539,42.492,-92.3522,111631.0,50707
Marion,IN,0.006882732122383217,0.00763470198044236,0.0076414723493034575,40.5496,-85.66,40588.0,46953
Crawfordsville,IN,0.019967605569627622,0.021314909808036298,0.021847813225824186,40.0428,-86.8975,18242.0,47933
Elkhart,IN,0.034417118965481164,0.03672153668787459,0.03759197448679208,41.6916,-85.9628,147567.0,46514
Lubbock,TX,0.028928668239464717,0.030667583584066405,0.03163335112998089,33.5659,-101.8878,267648.0,79406
Fayetteville,AR,0.028588269711765868,0.030357537189927175,0.03149811850225692,36.0713,-94.166,351246.0,72704
Chicago,IL,0.016517570327387432,0.017923746792847917,0.017926913527754662,41.8373,-87.6862,8604203.0,60018
Manhattan,KS,0.02051913602858879,0.02156371303925453,0.022133318351183817,39.1886,-96.6046,57046.0,66506
Gardnerville Ranchos,NV,0.03603598044872647,0.038206116454266414,0.039661790786785556,38.8872,-119.7426,11274.0,89460
Torrington,CT,0.02434025399851314,0.024794737928641064,0.02592776166625721,41.8349,-73.1281,40003.0,06790
Toledo,OH,0.020007050351353195,0.020773045331504036,0.021524304078041068,41.6639,-83.5822,482111.0,43615
Oxford,NC,0.02460782238360304,0.026398546898893427,0.027244898841727982,36.3155,-78.5848,9634.0,27565
Rapid City,SD,0.026082040406876894,0.027754591594878253,0.02854630493286403,44.0716,-103.2204,92664.0,57702
Clarksville,TN,0.025179034957054203,0.026635099001641738,0.027333333171293273,36.5695,-87.342,188746.0,42223
Gloversville,NY,0.03457962255605307,0.03683488942562385,0.03801670956321468,43.0491,-74.3465,27512.0,12078
Wooster,OH,0.02049692522684432,0.02162104893340988,0.022476240532724123,40.8171,-81.9335,30750.0,44691
Calhoun,GA,0.019350162849647745,0.019714865062393505,0.020327370935131484,34.4918,-84.9391,34754.0,30701
Atchison,KS,0.011459327306582834,0.012597660427207114,0.012861014888896127,39.5625,-95.1367,10613.0,66002
Indiana,PA,0.024008415665977,0.025244472342148105,0.025653694388311887,40.622,-79.1552,27142.0,15701
Urbana,OH,0.021809721953669925,0.023213032286031776,0.02378180618368697,40.1085,-83.7542,11313.0,43078
Fort Madison,IA,0.01976887870658195,0.020885328266200043,0.021426141606588844,40.6207,-91.3509,10130.0,52627
Troy,AL,0.027338114978953776,0.029112103429151714,0.029986499016631418,31.8021,-85.9665,16712.0,36079
Vermillion,SD,0.031480276244506555,0.03330881199317681,0.03418908497418438,42.7811,-96.9255,10844.0,57069
Roanoke Rapids,NC,0.021693218611472442,0.02302951918140761,0.023253870069673388,36.4452,-77.6491,22225.0,27870
Vernal,UT,0.039813874844681685,0.042420781345699154,0.0436867904261502,40.4517,-109.5379,19893.0,84078
Yuma,AZ,0.022954409827417033,0.023000506525698627,0.023433606571574783,32.5992,-114.5488,142847.0,85365
Kirksville,MO,0.01727361060015231,0.018742357620353367,0.019431781521475955,40.1986,-92.5753,16002.0,63501
Lima,OH,0.016380557364172432,0.017334750247030017,0.0177798587749749,40.741,-84.1121,68878.0,45805
Lexington,KY,0.026052104202479498,0.027455323675439347,0.028247452292160302,38.0423,-84.4587,317110.0,40505
Emporia,KS,0.01214711708408478,0.012471766558249664,0.012842047295153813,38.4028,-96.1924,24513.0,66801
Bowling Green,KY,0.029144099952601366,0.030945100857601604,0.032036502651657806,36.9719,-86.4373,95135.0,42104
Vicksburg,MS,0.008296787543814466,0.008792912670734676,0.009157490145311531,32.3173,-90.8868,26340.0,39180
Port Angeles,WA,0.04564512431166046,0.048241810921917594,0.04935286498178315,48.1142,-123.4565,24293.0,98363
Iron Mountain,MI,0.018349816461328716,0.019546694762231365,0.020146791092368943,45.8275,-88.0599,18432.0,49801
Portsmouth,OH,0.020614059667874107,0.02177996847312591,0.02258459518655731,38.7539,-82.9446,36111.0,45662
Lincoln,IL,0.014220464485441342,0.015334130608651186,0.015858704458747264,40.1508,-89.3721,16993.0,62656
Wichita Falls,TX,0.012095194399979192,0.013224584765848313,0.013736315692113088,33.9072,-98.5291,99557.0,76308
Manchester,NH,0.03889957608041339,0.0417359724886226,0.04307350135001786,42.9848,-71.4447,162877.0,03109
Jacksonville,FL,0.03487778907297967,0.03667036722625672,0.037349952087305516,30.3322,-81.6749,1181496.0,32224
Helena,MT,0.0340040645321964,0.0359166998588023,0.03673512536284029,46.5965,-112.0202,52936.0,59601
Othello,WA,0.041047785006334436,0.04334449056572853,0.04518522229762412,46.8221,-119.1652,12761.0,99344
Winston-Salem,NC,0.02378786388237364,0.02532277120889903,0.025992190914490454,36.1029,-80.2611,422269.0,27110
Alpena,MI,0.02459877938878563,0.026652305243498375,0.027897542031167788,45.074,-83.4399,13541.0,49707
Longview,TX,0.03200726609657556,0.034259895143589514,0.03505849194714328,32.5193,-94.7621,100330.0,75602
Harrisonburg,VA,0.007767376059511388,0.00805176807158725,0.008370932961683453,38.4361,-78.8735,72386.0,22801
Tifton,GA,0.027690926630763224,0.029418674866731775,0.03026424747598866,31.4625,-83.5205,24466.0,31793
Warsaw,IN,0.02626482966711774,0.028670059940471226,0.029621246711650118,41.2448,-85.8464,33708.0,46582
Asheville,NC,0.04300036610314262,0.04544529307694356,0.046739166529797815,35.5704,-82.5536,312507.0,28806
Flagstaff,AZ,0.04090348479202888,0.04219316169282816,0.042851062445009136,35.1872,-111.6195,81974.0,86001
Huntingdon,PA,0.030085679835311296,0.03128368382791491,0.03209945072486042,40.5,-78.0097,11134.0,16652
Shawnee,OK,0.02528412449956363,0.02663545434272452,0.027600417590586845,35.3529,-96.965,36067.0,74804
Spearfish,SD,0.0251117983928959,0.02712588159096696,0.027491216213680003,44.4912,-103.8167,12836.0,57783
Ionia,MI,0.020030951200002978,0.021740328100568362,0.02261780651247003,42.9772,-85.0727,14122.0,48846
Bardstown,KY,0.02778708544792341,0.029756881941478408,0.030546041738680474,37.8174,-85.4548,21184.0,40004
Ozark,AL,0.01998886060117333,0.020732885301897985,0.021414550782159925,31.4508,-85.6473,11562.0,36360
Cullowhee,NC,0.012157682838316308,0.012584471727043356,0.012822006410000641,35.3107,-83.1815,6139.0,28723
Santa Rosa,CA,0.04416595415448832,0.04759501761279861,0.048261772864706565,38.4458,-122.7067,324634.0,95404
Napa,CA,0.052938384089774804,0.05751348104462228,0.059699520806937745,38.2976,-122.3011,85239.0,94558
Selinsgrove,PA,0.024643807204576484,0.025944372443740704,0.026755498164395153,40.8003,-76.8647,5902.0,17870
Oskaloosa,IA,0.018014912862410748,0.01922765591025044,0.019809293412941242,41.2922,-92.6403,12592.0,52577
Sterling,CO,0.03669974095856254,0.03925065441052,0.04076267133402611,40.6206,-103.1925,15780.0,80751
Charleston,IL,0.008974666781404128,0.009034783538077518,0.009406857700195115,39.4842,-88.1781,20090.0,61920
Price,UT,0.03053893644018424,0.03318895540020428,0.033901684450719394,39.604,-110.8004,13564.0,84501
Fort Smith,AR,0.024929715689847143,0.02651955441474141,0.027240118790291756,35.3493,-94.3695,125354.0,72901
Joplin,MO,0.03159967801439323,0.032471631205028384,0.03347489298363415,37.0758,-94.5018,84048.0,64804
Macomb,IL,0.022874200038540904,0.024118418116532148,0.024687779398722354,40.4721,-90.6816,18006.0,61455
Laconia,NH,0.046385717643219415,0.04926784202552836,0.05096386692893762,43.5724,-71.4775,19371.0,03246
Athens,OH,0.016573961625092837,0.017604768191521236,0.018020480682646278,39.3269,-82.0988,29122.0,45701
Lawton,OK,0.02298115783231891,0.02452953165542815,0.025257818970010115,34.6176,-98.4203,90712.0,73501
Ames,IA,0.018094412619012568,0.01927725296339622,0.01994983473977996,42.0259,-93.6215,67910.0,50014
Elkins,WV,0.035578105101946145,0.03872320152114295,0.03998272142961912,38.9237,-79.854,10899.0,26241
Ann Arbor,MI,0.029878404312846163,0.03131677991678572,0.03219414518232222,42.2755,-83.7312,322267.0,48103
Staunton,VA,0.012127766689719266,0.012703980953499006,0.013222929227776348,38.1593,-79.0611,59433.0,24401
Clearlake,CA,0.03843867703767767,0.04005823258727226,0.04087536246135315,38.959,-122.633,15961.0,95422
Marshalltown,IA,0.010886373722812204,0.011593833222635297,0.011739638450509737,42.0341,-92.9067,25994.0,50158
San Jose,CA,0.06222251994229433,0.06649687113892666,0.06865176069285361,37.3019,-121.8486,1798103.0,95118
Watertown,SD,0.03420790367024784,0.03626568397793095,0.03734816032552657,44.9094,-97.1531,21790.0,57201
Craig,CO,0.04326226268369471,0.04569215455267095,0.04710492542447797,40.517,-107.5555,9553.0,81625
Amarillo,TX,0.020509737236799497,0.022055128990519313,0.022680898599863664,35.1988,-101.8311,205603.0,79121
Claremont,NH,0.03775190513834503,0.04100494539210775,0.042340269427971755,43.379,-72.3368,9294.0,03743
Austin,MN,0.028765619493954286,0.030550499445471058,0.031527606869317326,43.6718,-92.9783,25626.0,55912
Morristown,TN,0.03155086625016912,0.0344856876844446,0.035524499028533496,36.2046,-83.3006,61171.0,37813
Kennewick,WA,0.03913172820205113,0.04139275421403554,0.0425947376353597,46.1978,-119.1732,240735.0,99337
Muncie,IN,0.04881040875659659,0.05180494865197427,0.0535727094624594,40.1989,-85.395,87879.0,47306
Texarkana,TX,0.026820586059519647,0.028172906713352486,0.02884804963452381,33.4487,-94.0815,77964.0,75501
Port St. Lucie,FL,0.03577828396614269,0.03731522439415014,0.0387096839950396,27.2796,-80.3883,461152.0,34986
Ponca City,OK,0.02351345893636725,0.024901168935582252,0.02546597446698029,36.7235,-97.0679,24274.0,74601
Gainesville,GA,0.02898439054425883,0.030466959483135936,0.03132924301330253,34.2903,-83.8301,167371.0,30501
Effingham,IL,0.019002465208747266,0.020414998073627677,0.021197719736958165,39.1207,-88.5508,14005.0,62401
Adrian,MI,0.03001176457986876,0.030961258775186407,0.03160343045586034,41.8994,-84.0446,43689.0,49221
Salem,OH,0.021845073169344476,0.02290180526392449,0.02348468986652863,40.9049,-80.8491,17571.0,44460
Thomaston,GA,0.020077306543060613,0.02110217816901927,0.02191229367371994,32.8908,-84.3271,13759.0,30286
Duncan,OK,0.03169211964676233,0.03423219451462334,0.035412340985097934,34.5424,-97.919,20312.0,73533
Danville,KY,0.022622311854158195,0.023473329317822422,0.02412147013184951,37.6418,-84.7777,19529.0,40422
Mount Vernon,WA,0.04367858370089661,0.045868941994948065,0.047487172666164534,48.4202,-122.3115,71422.0,98274
Sioux City,IA,0.029255635415575076,0.030913680079284633,0.03155137463845081,42.4959,-96.3901,106455.0,51106
Somerset,PA,0.01626878500643225,0.017494596488504488,0.017985948172908994,40.005,-79.0778,11738.0,15501
Branson,MO,0.015708674511355047,0.016687638645162428,0.01713112388447735,36.651,-93.2635,25033.0,65616
New London,CT,0.022548039599789238,0.023818825447416758,0.02486996437316491,41.3502,-72.1023,26858.0,06320
Medford,OR,0.03753133370414696,0.040015067833947926,0.04130028830802113,42.3372,-122.8537,170876.0,97504
Redding,CA,0.045799863801332164,0.04894535519285803,0.05033273454700682,40.5698,-122.365,121313.0,96002
Greensboro,NC,0.02135054426196792,0.022668558265702687,0.023240764757589183,36.0956,-79.8269,343090.0,27410
Grants,NM,0.018502839876208155,0.02015789044010119,0.020634694893847616,35.1538,-107.8335,11833.0,87020
Wilson,NC,0.011511309451470941,0.012360281695247055,0.01269284630772427,35.7312,-77.9284,49483.0,27893
Freeport,IL,1.2953705892826406e-05,0.0005302142699530332,0.0008165396400305891,42.2893,-89.6347,24092.0,61032
Maysville,KY,0.010065138488511982,0.010379463802054678,0.0106904173082214,38.6454,-83.7911,11093.0,41056
Zanesville,OH,0.029340384097974237,0.03109880081555283,0.031950589035686594,39.9565,-82.0132,41589.0,43701
Thomasville,GA,0.025084878800216925,0.026722834380651594,0.027326227129489622,30.8394,-83.9782,24275.0,31792
Roanoke,VA,0.024880195430347474,0.026267680025994222,0.027029441668712018,37.2785,-79.958,214674.0,24014
Yakima,WA,0.032627660416256754,0.03463787289837761,0.03558890040742657,46.5923,-120.5496,133191.0,98901
Cedartown,GA,0.02599619602952208,0.02756566410754102,0.02876813184395477,34.0223,-85.2479,12819.0,30125
Pullman,WA,0.04244982236837069,0.04506609527350314,0.04687520055113081,46.734,-117.1669,34425.0,99164
Tahlequah,OK,0.024094478233121164,0.025634833864517592,0.026132510528348973,35.9116,-94.9773,19773.0,74464
Brunswick,GA,0.025022023963160223,0.02738833265608709,0.028566306195876745,31.145,-81.474,53914.0,31520
Moultrie,GA,0.028204734905787676,0.03022142341721623,0.03108389634708586,31.1591,-83.7708,18602.0,31768
Arkadelphia,AR,0.02472038163287671,0.02651010712414159,0.02724795105466704,34.1255,-93.0725,10503.0,71923
Spirit Lake,IA,0.02930355418959385,0.030655391874840454,0.03154255737303746,43.4176,-95.1109,11530.0,51360
Fairfield,IA,0.022371061301838635,0.024017741710895546,0.024672382901058,41.0061,-91.9669,11367.0,52556
Red Bluff,CA,0.008573007034896829,0.009571721972559066,0.009468968309389147,40.1735,-122.2413,19039.0,96080
Grand Forks,ND,0.026797674265323534,0.028991486889222706,0.029967828513431494,47.9218,-97.0886,64748.0,58202
Lufkin,TX,0.03217540519421469,0.034268661875888506,0.035158021008328655,31.3217,-94.7277,44867.0,75904
Sandpoint,ID,0.03506720270512753,0.03876119190388283,0.04048266556923741,48.2822,-116.5613,13145.0,83864
Lancaster,PA,0.028270010154826553,0.02993872757896754,0.030621048006607365,40.0421,-76.3012,401524.0,17603
Glenwood Springs,CO,0.054012961399455106,0.05703179708964634,0.058915702374807255,39.5455,-107.3346,11962.0,81601
Selma,AL,0.022187439847860757,0.024165635550317255,0.02493528255846722,32.4166,-87.0336,19775.0,36703
Frankfort,IN,0.022996169868550353,0.024230731637169267,0.024875340321382833,40.281,-86.5213,16136.0,46041
Nashville,TN,0.03597861346282416,0.0377946397489779,0.03906001239128165,36.1715,-86.7843,1081903.0,37027
Salina,KS,0.019752592497404686,0.021049126706915944,0.02152233037594664,38.8137,-97.6143,46340.0,67401
Greenwood,MS,0.005792335067761334,0.0057923915361592915,0.006102096615183239,33.5126,-90.1993,19961.0,38930
Cleveland,TN,0.03187862578082945,0.03400326785098917,0.034995958972011465,35.1817,-84.8707,73596.0,37312
Hobbs,NM,0.02656298971070803,0.02811499437176712,0.02910235250673221,32.7282,-103.16,42095.0,88240
Lawrenceburg,TN,0.027410576252442587,0.029118613023051854,0.029933426504552108,35.2497,-87.3325,10688.0,38464
Little Rock,AR,0.023089582709395096,0.024741715618364246,0.025487879777649436,34.7256,-92.3576,439815.0,72211
Watertown,NY,0.04035221537879674,0.042238391252231056,0.04315367691650529,43.9734,-75.9094,53163.0,13601
Jesup,GA,0.033650226599204025,0.0359333357213123,0.03661289955345137,31.5992,-81.8895,12198.0,31545
Jonesboro,AR,0.025163893800067116,0.02709238597167074,0.027995171072722203,35.8212,-90.6791,76247.0,72467
Middlesborough,KY,0.012588664926786786,0.013527242286055285,0.013968772086344394,36.6127,-83.7227,13475.0,40965
El Centro,CA,0.0474412531326629,0.048260405108683235,0.04911596281478814,32.7867,-115.5586,111425.0,92243
Lewiston,ID,0.04020259671751414,0.042512856818770706,0.043418383501866664,46.3934,-116.9934,53384.0,83501
Laurel,MS,0.007650254498876574,0.008506345756706946,0.008830526324903332,31.6956,-89.1448,25844.0,39440
Norwalk,OH,0.01735382881162484,0.018286937878383203,0.018811349737559713,41.2443,-82.6088,20629.0,44857
Mount Airy,NC,0.017984401587593846,0.019446406654167747,0.019734087376153342,36.5083,-80.6154,19119.0,27030
Pahrump,NV,0.012551877151873114,0.012767797486702426,0.01306400254764517,36.2411,-116.0176,36174.0,89048
Pittsburg,KS,0.011558913359486445,0.012191645635585502,0.012622130713524804,37.4129,-94.6984,22711.0,66762
Sherman,TX,0.031628330198799404,0.03333594365882231,0.03457858405272862,33.6274,-96.6218,70704.0,75092
Alamogordo,NM,0.036388689299121646,0.038653956939275425,0.03991729189154136,32.8837,-105.9624,33513.0,88310
Kerrville,TX,0.03222177854956243,0.03395667819877102,0.034750037318972415,30.0398,-99.132,30623.0,78028
San Antonio,TX,0.026351982507196503,0.02748702016518001,0.02824896312764147,29.4658,-98.5253,2049293.0,78112
Prescott,AZ,0.03541499771846146,0.03970691274495386,0.041243528883343705,34.585,-112.4475,44299.0,86305
New Ulm,MN,0.017507097305771158,0.018766204748718707,0.01950704856855734,44.3121,-94.4686,13060.0,56073
Lamesa,TX,0.04571982722315804,0.047835615128595244,0.04950757673154582,32.7333,-101.9542,11241.0,79331
Batavia,NY,0.02665581033181952,0.029036732675118415,0.030027813008399296,42.9987,-78.1802,16581.0,14020
Fort Collins,CO,0.03651469311293187,0.03923440596057226,0.040286478248534596,40.5478,-105.0656,312666.0,80521
San Angelo,TX,0.05494611789244708,0.05778848803841341,0.05973849827179256,31.4424,-100.4506,100773.0,76905
Hillsdale,MI,0.01825062310566361,0.019695907677339308,0.020435928048761598,41.9266,-84.6356,11223.0,49242
Marquette,MI,0.03460489849764081,0.03688935798893356,0.0380389805350454,46.544,-87.4082,26491.0,49855
Sterling,IL,0.009579850962004421,0.00990847968935138,0.01041291834378777,41.7995,-89.6956,27127.0,61081
Indianapolis,IN,0.01849542006946092,0.0191558700963681,0.019907976749847567,39.7771,-86.1458,1588961.0,46218
Portland,ME,0.03886102189423446,0.04197808828625882,0.04318743150472093,43.6773,-70.2715,203969.0,04101
Clewiston,FL,0.034880161824520695,0.036754956191639376,0.03803928260922351,26.7529,-80.9399,14383.0,33440
Sumter,SC,0.02112049896224244,0.022052698166806994,0.02240760526777774,33.9392,-80.393,71518.0,29154
Minot,ND,0.03895079440835936,0.0410127781387315,0.042290792226020724,48.2375,-101.2781,49425.0,58707
Keene,NH,0.038224604938175144,0.04032986024605201,0.041488049266100724,42.9494,-72.2997,21911.0,03431
Natchez,MS,0.02523215694385761,0.02659345946388525,0.02738620918233825,31.5437,-91.3867,26095.0,39120
Key West,FL,0.036498410084038646,0.0382692664383073,0.03959225416566747,24.5637,-81.7768,31401.0,33040
Lock Haven,PA,0.0291883913621942,0.03155607778508229,0.03216936647052915,41.1365,-77.4521,16490.0,17745
Marshall,TX,0.02520733987094248,0.027026242475393092,0.02785021207409888,32.537,-94.3515,21331.0,75672
Americus,GA,0.01039233856660915,0.01027013322936976,0.010674759358490826,32.0736,-84.2249,16939.0,31709
Pocatello,ID,0.03409101044861207,0.035137076577453685,0.036039218448550736,42.8724,-112.4646,72878.0,83204
Midland,TX,0.04406815893280425,0.04656783449189961,0.04775633715788574,32.0249,-102.1137,154793.0,79701
Burley,ID,0.044113045989429445,0.046244681602636506,0.04715050645952501,42.5379,-113.793,16342.0,83318
DuBois,PA,0.02819054022701928,0.03000535239838964,0.030996813375344434,41.1225,-78.7564,11241.0,15801
Maryville,MO,0.020150414485817558,0.021760119143334533,0.022528948952916572,40.3428,-94.8701,12808.0,64468
Las Vegas,NM,0.010585065891409728,0.010919869868885712,0.011252961045454812,35.6011,-105.2206,14662.0,87701
Canton,OH,0.023012360890433792,0.024341602518317407,0.02472637809446132,40.8075,-81.3677,269418.0,44714
Pottsville,PA,0.013499357957068359,0.015120386575423694,0.015547243616279127,40.6798,-76.2092,40685.0,17901
Greenville,OH,0.02094066449778853,0.02210102205569031,0.022695509698101413,40.1043,-84.6209,12720.0,45331
Murray,KY,0.02601809384658349,0.027556072926423925,0.028375364533546943,36.6146,-88.3206,20776.0,42071
Reading,PA,0.024712583203994276,0.026675776543617413,0.027450169643621125,40.34,-75.9267,267155.0,19604
Hutchinson,MN,0.024418982571345893,0.026405153579824425,0.02700295224192506,44.8856,-94.3768,13861.0,55350
Janesville,WI,0.01592132081013653,0.016504295624545584,0.01714016293941234,42.6855,-89.0136,70755.0,53545
St. Joseph,MO,0.018270007792609677,0.019577538661295746,0.020415464060999478,39.7599,-94.821,79161.0,64503
Richmond,IN,0.00961138462182265,0.010241274981455328,0.010611140396546759,39.8318,-84.8905,42373.0,47374
Denver,CO,0.044037307155512906,0.04733528460542957,0.04864065512483062,39.7621,-104.8759,2876625.0,80264
Boone,NC,0.033769427216651327,0.03604416640899144,0.037111762249340874,36.2111,-81.6668,26146.0,28607
Greenwood,SC,0.03397828495628952,0.03620191732972988,0.03745820270496947,34.1945,-82.1542,42429.0,29649
Greenville,MS,0.025993044640818974,0.02668098021050569,0.02764939488574969,33.385,-91.0514,29613.0,38701
Watertown,WI,0.025867830959511062,0.027688886052679385,0.028906878197194175,43.1893,-88.7285,22973.0,53098
Findlay,OH,0.019801340684460378,0.020333361035103525,0.02107652402700122,41.0467,-83.6379,48469.0,45840
Paris,TN,0.027214865194827853,0.028811296665121056,0.02941509547353416,36.2934,-88.3065,10536.0,38242
Owensboro,KY,0.025335590468041458,0.026735446690293818,0.027480306758430606,37.7574,-87.1173,74068.0,42303
Huntsville,AL,0.03412362659385648,0.03580311306219963,0.03674813738187077,34.6988,-86.6412,319249.0,35801
Kankakee,IL,0.012443616186035733,0.013352251541560056,0.01305625476326533,41.1019,-87.8643,77429.0,60901
Mankato,MN,0.02519390870839988,0.0273805203541706,0.02836938615139828,44.1712,-93.9773,62889.0,56001
Daphne,AL,0.03262434958761373,0.03476319745700285,0.03579784041605527,30.6286,-87.8866,71484.0,36527
Owatonna,MN,0.010090948482186057,0.011542385031802604,0.011975083324220925,44.0914,-93.2304,25498.0,55060
La Crosse,WI,0.03047265855282122,0.032471649535912084,0.03351869270386221,43.824,-91.2268,100693.0,54601
Ellensburg,WA,0.03026909321210325,0.03246270438827836,0.033844588573119117,46.9994,-120.5477,24377.0,98926
Hickory,NC,0.02447410386786064,0.026178622276527674,0.026995582600225942,35.7425,-81.323,218323.0,28601
Washington,IN,0.02545291220120749,0.0268870249638693,0.027673646551046094,38.6587,-87.1591,13565.0,47501
DeRidder,LA,0.026681983819492272,0.02862749140183518,0.02929436282978215,30.8467,-93.2931,13354.0,70634
St. Marys,GA,0.026375938278197175,0.028672189906565615,0.029536548721733835,30.7567,-81.5722,37556.0,31558
Auburn,NY,0.03263999956270669,0.03385734601051227,0.03493244293594455,42.9338,-76.5684,30507.0,13021
Fernley,NV,0.03898934060609727,0.041940263872358274,0.04376858223755642,39.5611,-119.1926,21045.0,89408
Dothan,AL,0.022901699782365448,0.02430011947695032,0.025020988719359094,31.2335,-85.4069,72396.0,36303
Lewistown,PA,0.02344490632687246,0.025052528590404854,0.025628285203750822,40.5964,-77.573,21614.0,17044
Paducah,KY,0.021675076960641082,0.022638737436750267,0.023539178666060145,37.0711,-88.6436,48481.0,42003
Aberdeen,WA,0.049293273556754835,0.052768416901887605,0.05396430737809421,46.9757,-123.8094,29609.0,98520
Wilmington,NC,0.02189843688020554,0.02410658211283967,0.024528781132482136,34.21,-77.8866,255616.0,28409
Tucson,AZ,0.02857689006117825,0.031033153449969708,0.030973336642598825,32.1545,-110.8782,888486.0,85705
Poplar Bluff,MO,0.022381883517468504,0.023653110097373364,0.02450668330898642,36.7632,-90.4136,20359.0,63902
Lafayette,LA,0.026837680745390946,0.028272975803854683,0.029094122789714794,30.2084,-92.0323,264357.0,70508
Springfield,OH,0.014424430958086765,0.014584704265710347,0.015358631346644058,39.9297,-83.7957,82820.0,45503
Detroit,MI,0.0232624129047454,0.024894332551426146,0.025919193693451303,42.3834,-83.1024,3506126.0,48209
Decatur,IN,0.01949932185186065,0.020063488308387667,0.020756401321800677,40.8286,-84.9282,10943.0,46733
Rexburg,ID,0.03508226401544867,0.037739792193793864,0.03928914931443339,43.8224,-111.792,30979.0,83460
Palestine,TX,0.027683573360684388,0.029143702120083104,0.030170937492898897,31.7544,-95.6471,18243.0,75801
Cortland,NY,0.033996423081670946,0.035516391493391364,0.03647953132871651,42.6004,-76.1784,26729.0,13045
Athens,GA,0.03341697727277837,0.035837371266430385,0.036756497768215546,33.9508,-83.3689,141532.0,30622
Yankton,SD,0.026074811586344504,0.02811106237900929,0.029027632060803388,42.8901,-97.3926,14872.0,57078
Missoula,MT,0.03489382243532968,0.03673463744547667,0.03785393673162285,46.875,-114.0214,92895.0,59808
Ashtabula,OH,0.02551109140217589,0.027192483387078026,0.027808117580322422,41.8806,-80.7984,27645.0,44004
Washington,DC,0.03566686893956361,0.037236707841770134,0.038943456684070066,38.9047,-77.0163,5379184.0,20010
Edwards,CO,0.04376948990502205,0.04721184103792542,0.04881306261323437,39.6215,-106.6183,10071.0,81632
Tiffin,OH,0.021415130398920734,0.022311994376895017,0.022956130224763394,41.1165,-83.1805,19130.0,44883
Sioux Falls,SD,0.031158279088478347,0.03295031585352781,0.03387430800830327,43.5397,-96.732,187239.0,57110
Madera,CA,0.059633128435282234,0.06298014965018028,0.06506566118237234,36.9631,-120.0782,84086.0,93637
East Stroudsburg,PA,0.026781512159450793,0.028370110243238766,0.02933618041234687,41.0023,-75.1779,57577.0,18301
Steamboat Springs,CO,0.045964646560393785,0.049465193514517836,0.05106509241714852,40.4777,-106.8243,14087.0,80487
Decatur,AL,0.015795215733498402,0.01677768062158247,0.01733977540074605,34.573,-86.9906,68867.0,35603
Andrews,TX,0.06383088411769933,0.06813452029622802,0.06990965477188915,32.3208,-102.552,15708.0,79714
Fremont,NE,0.023956075134682564,0.025752708117518175,0.026344055838634972,41.4396,-96.4879,27456.0,68025
Silver City,NM,0.019044122570956334,0.020066730599339166,0.020659953834872624,32.7784,-108.2698,11561.0,88061
Willmar,MN,0.025977693187195783,0.02746419500513886,0.028226092725935015,45.122,-95.0569,20510.0,56201
Payson,AZ,0.04849022206042686,0.05173091952842146,0.05251935647634598,34.2434,-111.3195,14684.0,85541
Stockton,CA,0.04938656734691138,0.052452447196306595,0.05340649987185864,37.9765,-121.3109,397264.0,95219
Kearney,NE,0.02958949684848844,0.03165234741182377,0.0328791400265489,40.701,-99.0834,34418.0,68847
Bennington,VT,0.024732438631574816,0.025969348682365778,0.02635537441619662,42.8746,-73.1852,8836.0,05201
Coldwater,MI,0.029732047061917344,0.03155082852362634,0.03230848082392557,41.9465,-84.9989,18832.0,49036
Lewisburg,TN,0.030855679601576425,0.032945230939545045,0.03380723542980224,35.4494,-86.7897,11658.0,37091
Lake Charles,LA,0.00817353289141809,0.00905248613096643,0.009555270267761484,30.2012,-93.2122,156181.0,70605
Kingsport,TN,0.025026720616010856,0.02687249705729533,0.027753074138559652,36.5224,-82.5453,119666.0,37660
Cape Girardeau,MO,0.013732670609215791,0.014471248290530259,0.014957016404938406,37.3108,-89.5597,56551.0,63703
Madison,WI,0.03305314357036315,0.034836184521076285,0.035732808233907676,43.0826,-89.3931,447245.0,53706
Muskegon,MI,0.03476245731900307,0.036669557927947904,0.03721808818910688,43.2281,-86.2563,153565.0,49442
Chambersburg,PA,0.023714217328125287,0.025329595477441957,0.026197593727991242,39.9315,-77.6556,53083.0,17201
Monroe,MI,0.02140287069026514,0.021911673574335433,0.02222234880930718,41.9154,-83.385,48317.0,48162
Alma,MI,0.004878414692372823,0.0044505996317465435,0.004415656981496596,43.38,-84.6556,16035.0,48801
Menomonie,WI,0.0108987325985761,0.012040391846411369,0.012510395164941235,44.8893,-91.9084,18159.0,54751
Yuba City,CA,0.05326296148626053,0.05668230811324082,0.058818504181687103,39.1357,-121.6381,120456.0,95991
Seymour,IN,0.018534482290461174,0.019209973642129174,0.019794716533761525,38.9476,-85.891,23598.0,47274
Dublin,GA,0.02561662583129709,0.0273112981123782,0.028098951247126802,32.5359,-82.928,20583.0,31021
Jefferson City,MO,0.01908557956159007,0.019893840859357192,0.02037553537311787,38.5676,-92.1759,58025.0,65101
Kingston,NY,0.03387812789462541,0.03551834751892469,0.03633484278224386,41.9295,-73.9968,54791.0,12401
Charlottesville,VA,0.03493160435973364,0.03672582161839655,0.03762989788501625,38.0375,-78.4855,100416.0,22901
Oil City,PA,0.031141697441632754,0.03364146459920736,0.03449278850567783,41.4282,-79.7035,13935.0,16301
Blackfoot,ID,0.04340674194102112,0.046068021439346296,0.047730317001336564,43.194,-112.3455,15526.0,83221
Akron,OH,0.018771037102654597,0.02009625864641995,0.020796471024354668,41.0798,-81.5219,565208.0,44306
Elizabethtown,KY,0.02738393624424229,0.029045391854244818,0.029804564585066196,37.703,-85.877,78002.0,42701
Jamestown,ND,0.03457205722167256,0.037146328719025234,0.038345105498181375,46.9063,-98.6936,14944.0,58401
Burlington,NC,0.043903258863198236,0.04655576106249182,0.04812118842331925,36.0758,-79.4686,131043.0,27217
Worthington,MN,0.03405485581716716,0.03615945655634811,0.03706537308992752,43.6281,-95.599,12947.0,56187
Utica,NY,0.026970055250591374,0.02861029789173597,0.029279006517021866,43.0961,-75.226,112650.0,13501
Newport,TN,0.036446378261335344,0.03815328163495679,0.039460802508240356,35.9617,-83.1977,11500.0,37821
Evansville,IN,0.02531521053570951,0.026865828106092504,0.02774638556874831,37.9881,-87.5341,230427.0,47708
Portales,NM,0.03414498934386656,0.03618735041530252,0.037047721423008495,34.1753,-103.3565,11921.0,88130
Borger,TX,0.024554398394664334,0.026289749073818314,0.026947237781266953,35.6598,-101.4012,12718.0,79007
Dumas,TX,0.039455663077081704,0.04230109813719851,0.043497904661005116,35.8613,-101.9642,13963.0,79029
Sierra Vista,AZ,0.04324480544074594,0.046123484454495545,0.04769520661034843,31.563,-110.3153,51731.0,85650
Muskogee,OK,0.02468835935810021,0.026065528754625644,0.02690348278367427,35.7431,-95.3568,39789.0,74403
Corsicana,TX,0.03125321793838953,0.033141380471636506,0.03404029868939018,32.0824,-96.4665,22728.0,75110
Albany,NY,0.026718634501695204,0.028323370145732385,0.029017803850178936,42.6664,-73.7987,586383.0,12208
Philadelphia,PA,0.02948996605974319,0.031618460869003995,0.03258563411624027,40.0077,-75.1339,5649300.0,19154
London,KY,0.031092007962084223,0.03294969687369398,0.033791820153752816,37.1175,-84.0767,37714.0,40744
Birmingham,AL,0.017345796204710773,0.018227769930237336,0.01866913286627314,33.5277,-86.7987,739573.0,35218
Hudson,NY,0.038660010362398856,0.0402989919682879,0.04166497858712015,42.2515,-73.7859,10413.0,12534
Talladega,AL,0.030756058291585786,0.03217323444893361,0.033167568107096645,33.4329,-86.0976,13304.0,35160
Midland,MI,0.02196984805715929,0.022850583441286654,0.02347364448321687,43.6241,-84.2319,58787.0,48642
Bakersfield,CA,0.027340323129433575,0.030081633958609855,0.03100782992888096,35.3529,-119.0359,579295.0,93306
Fresno,CA,0.04073917346637734,0.041603399325076174,0.04219547289568415,36.7831,-119.7941,703498.0,93730
Greeneville,TN,0.029302598088128295,0.0315962888382999,0.032638787440492756,36.168,-82.8197,23683.0,37745
Tallahassee,FL,0.029256043427005718,0.03030413554464939,0.030950986598246688,30.4551,-84.2526,257601.0,32311
Salem,OR,0.03892729166392428,0.0422457503627387,0.04327535580651776,44.9231,-123.0246,266804.0,97302
Forrest City,AR,0.011621930181866968,0.012889116298853143,0.013255856884184736,35.0135,-90.7931,12309.0,72322
Lakeland,FL,0.03292855141947326,0.03470610757385861,0.03598962521220406,28.0556,-81.9545,302284.0,33813
Rockingham,NC,0.026413883038775232,0.027836380097938873,0.02871872563533473,34.9386,-79.7608,23016.0,28379
Flint,MI,0.014342716946998957,0.01550199983645606,0.015298120950170135,43.0235,-83.6922,332190.0,48553
Columbus,OH,0.025558212456567864,0.027334746176631564,0.028231914143813652,39.9862,-82.985,1562009.0,43026
Safford,AZ,0.03757942850097762,0.03923594299284083,0.04038550359735771,32.8317,-109.7005,19987.0,85546
Carbondale,IL,0.013222824908572406,0.013959049165503723,0.014339966107965285,37.7221,-89.2238,65671.0,62901
Albuquerque,NM,0.022465388017891996,0.023086722115523095,0.024241442557249915,35.1053,-106.6464,761195.0,87121
Beaver Dam,WI,0.025305439347288017,0.028396196556107034,0.02959880631526368,43.469,-88.8308,18041.0,53916
Columbus,MS,0.004008888374744446,0.003619148756923485,0.0034919312410612857,33.5088,-88.4096,31084.0,39702
Peoria,IL,0.014841333969413562,0.015244656538961676,0.015477608050231018,40.752,-89.6153,256286.0,61625
Ukiah,CA,0.04558446042806685,0.04737654632907651,0.0486064062253313,39.1463,-123.2105,29561.0,95482
Sacramento,CA,0.04256746785604193,0.04621250393690257,0.04740379102010994,38.5667,-121.4683,1898019.0,95820
Stevens Point,WI,0.015812905833845425,0.016499718108740513,0.016699981425244426,44.5241,-89.5508,42837.0,54481
Georgetown,SC,0.011083556718025633,0.011513371906650027,0.011761708666084614,33.3595,-79.2958,11754.0,29440
Logansport,IN,0.009560037998557647,0.010185993548630146,0.010503229750095322,40.7472,-86.3519,20608.0,46947
Battle Creek,MI,0.024687176605346473,0.026876929371735248,0.027150746297578188,42.2986,-85.2296,76514.0,49015
Spokane,WA,0.03450811786167107,0.037246088314310644,0.038106020033771726,47.6671,-117.433,412275.0,99201
Rockford,IL,0.016460445436150772,0.01683147779927352,0.017146678954386152,42.2597,-89.0641,282762.0,61114
Ogdensburg,NY,0.023252920488734174,0.024119559294281556,0.024969715456806263,44.7088,-75.4717,10638.0,13669
Clarksdale,MS,0.0035729414042062757,0.0031237180252776664,0.0027809650649615048,34.1971,-90.5729,14745.0,38614
Laramie,WY,0.022919861937136687,0.023914985157327928,0.02472891110153541,41.3099,-105.6085,33929.0,82072
Providence,RI,0.03663356706192267,0.03775268879764271,0.039065842860138034,41.823,-71.4187,1203230.0,02903
Dickinson,ND,0.04367621711206704,0.04708081029429123,0.04816194775158533,46.8917,-102.7924,22872.0,58601
St. Louis,MO,0.025101261483482462,0.026953749213297185,0.027824475458861242,38.6358,-90.2451,2024074.0,63110
Hilo,HI,0.03652934683016973,0.03912063536307997,0.04034544731125367,19.6886,-155.0864,46284.0,96720
Breckenridge,CO,0.049544399009608275,0.052679721064135876,0.05463095407525742,39.4995,-106.0433,7818.0,80424
Vineland,NJ,0.013334749911412258,0.013650189458239259,0.013514723580606569,39.4653,-74.9981,93239.0,08344
Tullahoma,TN,0.029974502425508476,0.03206651064190558,0.032972173909670444,35.3721,-86.2173,18082.0,37360
Grand Junction,CO,0.03682108791767069,0.03856864069206711,0.03974118978022645,39.0876,-108.5673,139143.0,81505
Rio Grande City,TX,0.0021782459124877196,0.002684005061864614,0.0027301652543478827,26.3808,-98.8215,48610.0,78582
Mineral Wells,TX,0.02653791194286148,0.027790888590277785,0.028764955080911703,32.8169,-98.0776,14597.0,76088
Moberly,MO,0.013816706089665454,0.014585276256005697,0.015008566738938134,39.419,-92.4365,13574.0,65270
Quincy,IL,0.02057548317758151,0.022249619663055276,0.022832032201457908,39.9335,-91.3799,44466.0,62301
Oxford,MS,0.023471715304674623,0.025012128096619346,0.02573740851676609,34.3627,-89.5336,38310.0,38655
Stillwater,OK,0.03136244046114367,0.03288567834458567,0.033728443398916674,36.1316,-97.074,49008.0,74078
Scranton,PA,0.018347599381254964,0.019629778536278897,0.02010031267680734,41.4044,-75.6649,384250.0,18509
Corinth,MS,0.010528322153087188,0.011392314353222854,0.011737086819483489,34.9474,-88.5143,12382.0,38834
Knoxville,TN,0.030552366452316626,0.03229440430325847,0.03366120934422834,35.9692,-83.9496,586048.0,37918
North Wilkesboro,NC,0.026543039156706083,0.02822448444083414,0.029151102257234607,36.1728,-81.139,18066.0,28659
Blacksburg,VA,0.03261130637096299,0.03410438386786874,0.03492652836678922,37.23,-80.4279,91888.0,24060
Marinette,WI,0.026770276423131678,0.0284129342892816,0.02956942094910353,45.087,-87.6328,18671.0,54143
Coshocton,OH,0.02368985883730823,0.024397706881742476,0.02502018528043992,40.2618,-81.848,11347.0,43812
Atlantic City,NJ,0.023987511084264,0.02608500976943562,0.026944584071296518,39.3797,-74.4527,237054.0,08401
Searcy,AR,0.02209977218952308,0.02380862621943791,0.024346470418659116,35.2418,-91.7351,26889.0,72149
Williston,ND,0.06912202514679477,0.07378328208915041,0.07636477749484727,48.1814,-103.6364,29844.0,58801
Dayton,OH,0.017464061250827667,0.01822472532020547,0.01874216691557251,39.7797,-84.1998,718353.0,45432
Sevierville,TN,0.03352157187717908,0.03616765782372777,0.037095598842884714,35.8873,-83.5677,25557.0,37862
Coos Bay,OR,0.040143827706340396,0.042197344216968746,0.043502578825515004,43.3789,-124.233,32159.0,97459
Cadillac,MI,0.02028728181398254,0.021794854563281563,0.02226096652057663,44.2494,-85.4163,11850.0,49601
Parkersburg,WV,0.01998256495330164,0.02166361317094534,0.022303729709859166,39.2624,-81.542,62566.0,26104
Mansfield,OH,0.013857715243078994,0.015703578053182232,0.016249176771276463,40.7656,-82.5275,73326.0,44905
Racine,WI,0.013249632671243683,0.013961086768717212,0.014259711414347898,42.7274,-87.8135,130142.0,53405
Union City,TN,0.019073441354636733,0.02050496736105467,0.021191021917836173,36.4268,-89.0474,9763.0,38261
Tuscaloosa,AL,0.023274418250192275,0.024748526718956887,0.025442092310383524,33.2348,-87.5267,155499.0,35475
Jackson,WY,0.03078246951514818,0.032824088330113854,0.03411371601666224,43.4721,-110.7745,12576.0,83001
Marion,NC,0.041731321782840114,0.04478028165449621,0.045938619914613454,35.6774,-82.0013,13454.0,28752
Rome,GA,0.027919968573046017,0.028910961872389285,0.02963375900605758,34.2661,-85.1862,61537.0,30161
Merrill,WI,0.00818743897441232,0.008584870709443804,0.009076620418910997,45.182,-89.6995,9630.0,54452
Winnemucca,NV,0.08117490202319066,0.08478977573711655,0.08781333574300465,40.9645,-117.7247,10764.0,89445
Saginaw,MI,0.016160456371384413,0.01689060980965129,0.017366343575851317,43.4199,-83.9501,117958.0,48607
Salt Lake City,UT,0.03239697639147421,0.03497131251272756,0.035808964932300125,40.7777,-111.9306,1098526.0,84116
Pampa,TX,0.03334700683645231,0.034663451343525775,0.035623861657179345,35.5479,-100.9651,17230.0,79065
Hays,KS,0.030135821244847483,0.03219906243705006,0.03304693551885496,38.8815,-99.3218,21421.0,67601
Daytona Beach,FL,0.03405406029929137,0.03647544457713847,0.03705359373827832,29.1994,-81.0982,69186.0,32124
Valley,AL,0.007658972425116817,0.008685534921457627,0.008699924194291775,32.8088,-85.1809,19926.0,36854
Melbourne,FL,0.03380524106515859,0.03565211993011297,0.037644163556060706,28.1085,-80.6627,83029.0,32901
Austin,TX,0.028538262985472462,0.03070109307313329,0.03164242759910607,30.3004,-97.7522,1687311.0,78749
Kinston,NC,0.011668115596746853,0.012290735644139072,0.012601423172411197,35.2748,-77.5936,26889.0,28501
Jasper,IN,0.023832311848329235,0.025211802238482628,0.025940127934245716,38.3933,-86.9402,16477.0,47546
Mayfield,KY,0.017703164332984134,0.018748328532547598,0.019166347720007915,36.737,-88.6446,11121.0,42066
Grenada,MS,0.09046953761108889,0.09646549988883524,0.099253491109911,33.7816,-89.813,9782.0,38901
Springfield,MO,0.02618457411393127,0.027449240083860627,0.028228971615154697,37.1943,-93.2916,288090.0,65810
Lake Havasu City,AZ,0.03812351874479103,0.039184303248926966,0.039879615564585746,34.5006,-114.3113,56820.0,86403
Merced,CA,0.043542775252226606,0.04621997834284697,0.04797960827610215,37.3057,-120.4778,145149.0,95348
Durant,OK,0.03929073543538775,0.041541810498292975,0.042734211621197504,33.9957,-96.3938,19315.0,74701
Rochester,MN,0.03477865840627925,0.03668966769067117,0.03790669473525643,44.0151,-92.4778,119942.0,55902
Raymondville,TX,0.03818934062785462,0.039926944186954305,0.04122688101557559,26.4759,-97.7769,13963.0,78580
South Bend,IN,0.022573988519369204,0.02401189261949166,0.024833029929670403,41.6767,-86.2696,280498.0,46601
Okeechobee,FL,0.03234864051307795,0.03382664720938866,0.03502000231577984,27.2414,-80.8298,26256.0,34972
Fayetteville,NC,0.014146468349266472,0.014958350720411406,0.015361597536133864,35.0846,-78.9776,327435.0,28304
Cañon City,CO,0.052359516287205476,0.05508124865324193,0.056447880316637944,38.443,-105.2203,27676.0,81212
Levelland,TX,0.028073086438017647,0.029605911688446174,0.03042080215995524,33.5806,-102.3636,13755.0,79336
Sheridan,WY,0.016130216590385604,0.0172510187805619,0.01769664893031675,44.7962,-106.9643,19320.0,82801
Paris,TX,0.026563989702545365,0.02817046192933348,0.02893082960988247,33.6688,-95.546,26010.0,75462
Cheyenne,WY,0.03598361078610268,0.03790148020214956,0.03894810128761783,41.1351,-104.79,79484.0,82009
Hastings,NE,0.02472493406265941,0.026119427478394464,0.026942838332274288,40.5963,-98.3914,24101.0,68901
Brookings,SD,0.023973157507241938,0.025349763701179917,0.026106258376856317,44.3022,-96.7859,24887.0,57006
Bucyrus,OH,0.01029423482240932,0.010705312719948124,0.01107315912270379,40.8054,-82.9719,11800.0,44820
Mount Vernon,OH,0.030980814758628128,0.03246867910103557,0.03325525117622319,40.3854,-82.4734,21864.0,43050
Brainerd,MN,0.018619363407835765,0.02000550524926248,0.02062204962106473,46.3553,-94.1982,19583.0,56401
Taylorville,IL,0.011086429647037654,0.011756965562881971,0.011975567743228277,39.5328,-89.2804,12659.0,62568
Holland,MI,0.02827637807415173,0.029760073568023238,0.030474573809311956,42.7677,-86.0985,100432.0,49423
Mason City,IA,0.01893737472181445,0.020281799994340766,0.02091561204164316,43.1487,-93.1998,26005.0,50401
Port Lavaca,TX,0.028497348871265205,0.03051367277217909,0.03132917937399027,28.6181,-96.6278,11436.0,77979
Berlin,NH,0.03073974701608506,0.03253711742839238,0.03328654876951975,44.4869,-71.2599,11237.0,03570
Brookhaven,MS,0.02054121146379062,0.022602470684028653,0.023736044330985084,31.5803,-90.4432,10154.0,39601
Aberdeen,SD,0.036438287016544724,0.03908397243022188,0.04023718046870539,45.4646,-98.468,28134.0,57401
Angola,IN,0.016599133454070047,0.017515303901981083,0.017869918249781902,41.6433,-85.0051,11352.0,46703
Hailey,ID,0.012489286328437377,0.01479640742227728,0.01544899850755388,43.5141,-114.3,11409.0,83333
Salisbury,MD,0.03034371241919631,0.03289543301272513,0.03385500983653267,38.3756,-75.5867,106447.0,21802
Nacogdoches,TX,0.02683809773397483,0.028252638426797594,0.028983409121258852,31.6134,-94.6528,34420.0,75962
Milwaukee,WI,0.027353172565302675,0.02929853394545545,0.03017373185611194,43.0642,-87.9673,1365787.0,53203
Seneca,SC,0.009236600470167833,0.010085585632618299,0.010327168188429159,34.6815,-82.9609,27439.0,29672
Greeley,CO,0.03660957620659011,0.038546371186768846,0.03956341020557086,40.4151,-104.7706,137810.0,80634
Madisonville,KY,0.02134324120721831,0.02271229978514344,0.02340590256832864,37.3408,-87.5034,23580.0,42431
Amsterdam,NY,0.03216110644320258,0.03433366173458419,0.035361058810462476,42.942,-74.1907,21241.0,12010
Augusta,GA,0.024202165050048574,0.0262270747468083,0.027019005532666673,33.3645,-82.0708,390809.0,30912
Gettysburg,PA,0.032253894935022176,0.033689648143428785,0.03475196011647075,39.8304,-77.2339,7724.0,17325
Glasgow,KY,0.024862273171820437,0.026518090563076635,0.027552057722435297,37.0047,-85.9263,14010.0,42141
Ottawa,KS,0.01908846130317432,0.020411566398913727,0.020922796469188265,38.6,-95.2642,12060.0,66067
Tulsa,OK,0.02592164751173187,0.02733812521210477,0.028245739140397186,36.1284,-95.9042,671033.0,74133
Richmond,VA,0.031668103254709035,0.03408753049120494,0.0348532913196653,37.5295,-77.4756,1075798.0,23222
St. Cloud,MN,0.018154161645687283,0.018869404615294183,0.01942052531176075,45.5339,-94.1718,115028.0,56304
Green Bay,WI,0.02507513761054536,0.026988838085589606,0.028143534918610102,44.515,-87.9896,207557.0,54311
Oak Harbor,WA,0.04459515953851034,0.04737534678068567,0.0492087721018466,48.2965,-122.6333,35228.0,98277
El Paso,TX,0.018874508308165838,0.01945765292146695,0.02000725969623196,31.8479,-106.4309,843386.0,79901
Picayune,MS,0.0008566047565417012,0.0011168250593402984,0.0010873967746265478,30.5322,-89.6724,16832.0,39426
Chattanooga,TN,0.03067196215589263,0.03189943473214374,0.03291491263464397,35.0657,-85.2488,415501.0,37415
Elk City,OK,0.030206444688122946,0.03247011438596381,0.03356474411499155,35.385,-99.4331,10746.0,73644
Columbus,GA,0.005523963629049167,0.0054809406889531065,0.005543995917506761,32.51,-84.8771,261445.0,31829
Bellingham,WA,0.05162698556477063,0.054566338519139945,0.05592367923533259,48.7543,-122.4687,130641.0,98229
Elizabeth City,NC,0.01434414919482907,0.015414391047253728,0.01622285423056624,36.2943,-76.2361,22711.0,27909
Spartanburg,SC,0.0230796919515297,0.024536473529151337,0.025296192733742506,34.9437,-81.9257,182701.0,29302
McAlester,OK,0.029020681174491303,0.030999780823446788,0.03207566548724117,34.9262,-95.7698,18896.0,74501
Plainview,TX,0.020267951023692277,0.021692148451211146,0.022289336451287056,34.1911,-101.7234,23424.0,79072
Pittsfield,MA,0.028812687604730325,0.030960108769166217,0.03180638143004555,42.4517,-73.2605,55697.0,01201
Fort Polk South,LA,0.03002801547076861,0.03158331847743212,0.032688301251677654,31.0512,-93.2159,9233.0,70656
Seattle,WA,0.0447593776012889,0.048421832745816795,0.05051053888105339,47.6211,-122.3244,3789215.0,98109
Walla Walla,WA,0.04158080837001932,0.04325420210398789,0.04511567826161356,46.067,-118.3366,57860.0,99362
Riverside,CA,0.04732308000017027,0.050048803534333386,0.05150511050625961,33.9381,-117.3948,2107852.0,92508
Baraboo,WI,0.016068658200678154,0.017393953495466796,0.017647818796362236,43.4695,-89.7376,13893.0,53913
Decatur,IL,-0.0022670972704584846,-0.002033393387938731,-0.001974520855455908,39.8556,-88.9337,87236.0,62522
Seneca Falls,NY,0.032336891043293736,0.03382385286591916,0.03445908201856662,42.9101,-76.7967,6032.0,13148
Newberry,SC,0.016386021289719777,0.017321587644089753,0.017963382778726444,34.2812,-81.601,11954.0,29108
Natchitoches,LA,0.012154531022209536,0.012662988590973923,0.012783237893831512,31.7317,-93.0979,18859.0,71457
Lumberton,NC,0.03791577492122089,0.04026387481880067,0.041454529764822556,34.6312,-79.0186,28279.0,28358
Kokomo,IN,0.015551586350930124,0.016891365775851153,0.017544203181216078,40.464,-86.1277,79351.0,46902
Pontiac,IL,0.02025345678822066,0.021751625979929523,0.022310981077190428,40.8881,-88.6414,11622.0,61764
Wabash,IN,0.018922911291747058,0.02055314437308864,0.021097831143053414,40.8034,-85.8301,9710.0,46992
Crescent City,CA,0.037260496939335086,0.03915734547981531,0.04030214389651454,41.7727,-124.1902,16849.0,95531
Prineville,OR,0.03576031502749766,0.0378641300968563,0.039117691869032356,44.2985,-120.8607,12650.0,97754
New Orleans,LA,0.03221159370134763,0.03447991427867758,0.035125877924957694,30.0687,-89.9288,1020886.0,70139
Boone,IA,0.019353302063878308,0.02043582291987489,0.02110439648357021,42.053,-93.877,12513.0,50036
Florence,AL,0.000573804601238459,0.000995519186756777,0.0010541403045485342,34.8303,-87.6654,79964.0,35633
Martinsville,VA,0.0212821557892664,0.022995968105537168,0.023627409202245486,36.6827,-79.8636,31871.0,24112
Albany,GA,0.02144781240852356,0.02254207702946398,0.02310540330252464,31.5776,-84.1762,89217.0,31721
Bedford,IN,0.01776549735480204,0.01924131590631495,0.019919351549866127,38.8602,-86.4895,14752.0,47421
Ludington,MI,0.026120160664117487,0.02719153356614945,0.028111615135913093,43.9573,-86.4434,10752.0,49431
Scottsbluff,NE,0.026540141574240783,0.028312744668009593,0.02918460405532608,41.8684,-103.6616,25114.0,69361
Butte,MT,0.017514036551534273,0.01827993672277861,0.0189485641963707,45.902,-112.6571,30904.0,59743
Opelousas,LA,0.025777357018554437,0.027798573720311692,0.028532196354007056,30.528,-92.0851,24423.0,70570
Celina,OH,0.048544532767285986,0.051197718951824456,0.05275688771905429,40.5551,-84.5629,11285.0,45822
Bend,OR,0.04764467081075674,0.0497664535212361,0.05148838815638168,44.0562,-121.3087,109802.0,97702
Beaumont,TX,0.0306481675135184,0.032603372988279755,0.033565842713733085,30.0849,-94.1451,146091.0,77708
Ontario,OR,0.03971986299703101,0.04316971866565189,0.04429029170456378,44.0259,-116.9759,24704.0,97914
Los Alamos,NM,-0.0006277386709631072,-0.000388967885607161,-0.00035525740745634415,35.8926,-106.2862,12373.0,87544
Sulphur Springs,TX,-0.019689967055737778,-0.019821657443576113,-0.020335861831636604,33.1421,-95.6124,14916.0,75482
Altus,OK,0.019134865076142926,0.02007688613081049,0.02064939788944975,34.6566,-99.3051,18418.0,73521
Cumberland,MD,0.01574270019102264,0.016767821980984365,0.017251991497251318,39.6515,-78.7585,47980.0,21502
San Luis Obispo,CA,0.049930914741159516,0.05203652345925591,0.05316712162385451,35.2669,-120.6691,62290.0,93401
Bastrop,LA,0.0299925972225632,0.031849216095598765,0.03259382449470993,32.7749,-91.9058,12327.0,71220
Marietta,OH,0.025829248908664004,0.027449855418445468,0.028189590902415906,39.4241,-81.4465,21267.0,45750
Cookeville,TN,0.028643901363393898,0.030499958751718292,0.03138582731703554,36.1484,-85.5114,50408.0,38501
Pensacola,FL,0.03027521371526709,0.03200106952696746,0.03311894398594739,30.4427,-87.1886,346921.0,32501
Jackson,TN,0.01984808613336453,0.021235139353324994,0.021552419991334615,35.6535,-88.8353,74065.0,38305
Montgomery,AL,0.01271138931863014,0.013391534959801277,0.013682887758920126,32.3473,-86.2666,254634.0,36064
Big Stone Gap,VA,0.007537902769593874,0.007713338894189903,0.008021647505370266,36.8626,-82.7769,7533.0,24219
Punta Gorda,FL,0.03792267399656102,0.0407798630440499,0.04214847701059199,26.8933,-82.0516,20369.0,33950
Greensburg,IN,0.02318874137519744,0.024480643492673426,0.025331617722941457,39.3515,-85.5024,11960.0,47240
Corpus Christi,TX,0.025130645135288177,0.026279750254496248,0.027085670320451616,27.726,-97.3755,342464.0,78373
Pueblo,CO,0.03603310670694104,0.03831386712378726,0.0392824629363715,38.2705,-104.6112,143932.0,81004
Warren,PA,0.028685160266832765,0.030340643887354135,0.031195119567713814,41.8433,-79.1445,14370.0,16365
Las Vegas,NV,0.026665735912341892,0.029561800762536894,0.03059224622731138,36.2333,-115.2654,2104198.0,89107
Naples,FL,0.03250406459835631,0.03603267838943802,0.03664387261309421,26.1504,-81.7936,22088.0,34103
Montrose,CO,0.04011316658611541,0.04242633542698071,0.043746856239416765,38.469,-107.859,23478.0,81403
Arcadia,FL,0.035724607107293416,0.037876793835846634,0.03870716098011395,27.2213,-81.8587,19038.0,34266
Magnolia,AR,0.02069482941334777,0.021927420230513528,0.02235453856233427,33.2774,-93.2261,10339.0,71753
Ketchikan,AK,0.02247906664098398,0.024002716217567777,0.0246925470060384,55.3556,-131.6698,10652.0,99901
Hattiesburg,MS,0.006198051690867068,0.006865578696065189,0.007176404225650801,31.3074,-89.317,80138.0,39401
Nogales,AZ,0.038295971989497746,0.0406726021649606,0.04180704857622186,31.3624,-110.9336,30917.0,85621
Myrtle Beach,SC,0.02340525364703283,0.023849264746049315,0.024981323559481794,33.7096,-78.8843,275579.0,29572
Albany,OR,0.047577064593367746,0.050672874030661674,0.052356020095122746,44.6274,-123.0966,62880.0,97321
Albemarle,NC,0.02759302532970831,0.02917614846219352,0.030249972841458472,35.3594,-80.1915,17185.0,28001
Gillette,WY,0.02663828779605204,0.028019196051883855,0.02873601111552282,44.2752,-105.4983,36032.0,82718
Gaffney,SC,0.022406963482320963,0.02333006775274482,0.023990448892389882,35.0742,-81.6558,21169.0,29341
Glens Falls,NY,0.03204030982110706,0.03373500938796026,0.0344897826005619,43.3109,-73.6459,63499.0,12801
Fort Morgan,CO,0.038393367283265034,0.04145113997154937,0.04254360844471794,40.2538,-103.7909,13349.0,80701
Vincennes,IN,0.021067405410086337,0.021768287048305357,0.02232276798389554,38.676,-87.5102,19498.0,47591
Enterprise,AL,-0.0005073955141532416,-4.396140991558273e-05,-0.0001653331406868963,31.3276,-85.8459,38914.0,36330
Las Cruces,NM,0.01893130599855919,0.020908931023948973,0.02174353313079891,32.3265,-106.7892,136254.0,88012
Plymouth,IN,0.012476437909731963,0.013170950812068094,0.013602193288055231,41.3483,-86.3187,12433.0,46563
Warner Robins,GA,0.017254905367460216,0.018431812110923262,0.019146496437390415,32.597,-83.6529,155140.0,31088
Junction City,KS,0.004714566619098193,0.004968574273163995,0.005210055915101597,39.0271,-96.8496,35677.0,66441
San Francisco,CA,0.05867800146794733,0.06229175138580145,0.06395691602429121,37.7562,-122.443,3592294.0,94130
Winchester,VA,0.040443087162704616,0.04308836086353196,0.04416346517630054,39.1735,-78.1746,74417.0,22601
Wilmington,OH,0.018099198621827073,0.01890233391528251,0.01961403559753272,39.4387,-83.8184,12222.0,45177
Clarksburg,WV,0.02589121534016292,0.027044575657348302,0.027746385138446295,39.2863,-80.323,40403.0,26301
Goldsboro,NC,0.01583321111011826,0.016703753809486965,0.016961619124589156,35.3778,-77.972,57278.0,27534
McAllen,TX,0.028657905499034575,0.030293136867842962,0.03126091010763443,26.2273,-98.2471,804114.0,78573
Rochester,NY,0.021875447046505014,0.02312609112249797,0.023465243992454976,43.168,-77.6162,703952.0,14608
Lake City,FL,0.049430668729431915,0.05308222474296165,0.0543239073194024,30.1901,-82.647,26271.0,32055
Batesville,AR,0.026276996379215545,0.028097057796047986,0.028894932599558887,35.7687,-91.6226,12220.0,72501
Meridian,MS,0.024122983459434755,0.024903965139152273,0.025287948432345164,32.3846,-88.6896,36686.0,39307
Snyder,TX,0.046765419918349815,0.049245351583440566,0.05080816669134203,32.7133,-100.9113,11371.0,79549
Winona,MN,0.012020259456704041,0.012573050387237661,0.012930487863997975,44.0505,-91.6684,29601.0,55987
Cleveland,OH,0.015959342634452867,0.016798944318014764,0.017336008004086523,41.4767,-81.6804,1710093.0,44135
Auburn,AL,0.022201476947494525,0.02348899573214025,0.02429863014890299,32.6087,-85.4899,92777.0,36849
Marshall,MO,0.012776215608149233,0.014101576551642792,0.014635454885302934,39.1147,-93.201,12447.0,65340
Fremont,OH,0.02029479138167245,0.021920943055778963,0.02252572201080727,41.3536,-83.1148,22191.0,43420
Florence,SC,0.015966116213672388,0.01689198227928035,0.017568739463453387,34.1781,-79.7877,93131.0,29505
Dunn,NC,0.016830796760164635,0.01820792214949818,0.018853711769341253,35.3113,-78.6129,15550.0,28334
Vallejo,CA,0.04615243987711404,0.04993062115995839,0.051137903010010755,38.1133,-122.2358,173256.0,94592
Odessa,TX,0.052922358287487814,0.05545271888164027,0.0570575349466893,31.8831,-102.3406,155998.0,79761
Oklahoma City,OK,0.030261168688618056,0.03213679234149058,0.03315099218131201,35.4676,-97.5136,972943.0,73012
Hot Springs,AR,0.025690185298001378,0.027395052125327224,0.028267186533336375,34.4892,-93.0501,60767.0,71901
McPherson,KS,0.02711195459806559,0.028188065116848016,0.02936557464102063,38.3714,-97.6605,12989.0,67460
Greenville,SC,0.025716456623565254,0.02774191523580516,0.028545460531801625,34.8353,-82.3647,484465.0,29614
Charleston,WV,0.013881889916983914,0.01484690947073175,0.015355882157788159,38.3484,-81.6323,138706.0,25305
Oshkosh,WI,0.011134675669479677,0.01276009520598076,0.013154520972231687,44.0228,-88.5619,75536.0,54985
Newport,OR,0.042006448115010864,0.04572739815088145,0.04695045254649721,44.6242,-124.0513,12155.0,97365
Clinton,IA,0.019044525500640397,0.020468455992993517,0.02108377740837941,41.8434,-90.2408,30177.0,52732
Duluth,MN,0.03929239681453556,0.04167059839850085,0.04287593539165879,46.7756,-92.1392,119476.0,55803
Washington,NC,0.018030173608639233,0.018553453191331393,0.01943471427195198,35.5587,-77.0545,16014.0,27817
Vernon,TX,0.023975700961426982,0.024999016147243536,0.025646576251484143,34.148,-99.3,9919.0,76384
Woodward,OK,0.03782325035992007,0.04052607105358952,0.04144478358091508,36.4247,-99.4057,11410.0,73801
Modesto,CA,0.03387419808148717,0.036774274920542194,0.03733313684446271,37.6374,-121.0028,383134.0,95358
Ada,OK,0.03237674765890963,0.033871516788055,0.034827019267069215,34.7683,-96.6689,17840.0,74820
Sonora,CA,0.014645455956070474,0.01563187694154733,0.01633080495672612,37.9819,-120.3828,28035.0,95370
Cincinnati,OH,0.022277498016214814,0.02331820672692042,0.02402751585770524,39.1413,-84.5061,1662691.0,45219
Savannah,GA,0.029525346137055708,0.03117891883301005,0.031892730883619214,32.0281,-81.1784,276295.0,31322
Danville,VA,0.022129593943233994,0.023394744198401485,0.023938595136664187,36.5831,-79.4087,45890.0,24540
Port Clinton,OH,0.02385252258138837,0.02494534363640466,0.0257044039902925,41.5096,-82.9385,13614.0,43452
Danville,IL,0.017206844915780506,0.018248209311946262,0.01862692426470902,40.1423,-87.6114,47059.0,61834
Malone,NY,0.03781570890081842,0.04004532211143319,0.04075801736750817,44.849,-74.2889,10255.0,12953
Columbus,IN,0.022627544278418066,0.023863536470364988,0.02459409361412579,39.2093,-85.9183,59897.0,47201
Kansas City,MO,0.03108118050664932,0.03294896360441002,0.033850436649059734,39.1239,-94.5541,1636715.0,64161
Great Bend,KS,0.02156632598503383,0.02247838358932519,0.023045548490174816,38.3593,-98.8016,15144.0,67530
Fort Leonard Wood,MO,0.0069814454477961085,0.00732943456272328,0.007293247762874433,37.7562,-92.1274,15882.0,65473
Hilton Head Island,SC,0.024419095680300984,0.024036342316066994,0.02464153689345072,32.1896,-80.7499,74139.0,29928
Martin,TN,0.023760696369463652,0.02535960598862297,0.026207743638902326,36.3386,-88.8513,10415.0,38237
Barnstable Town,MA,0.045152140783964345,0.04750439717303867,0.04921813982812728,41.6722,-70.3599,242847.0,02635
Fargo,ND,0.01970376465516166,0.0212324214062638,0.02145437637724612,46.8652,-96.8292,208675.0,58102
Palatka,FL,0.049609961170248296,0.052087486696206886,0.053737814813987095,29.6493,-81.6705,23738.0,32177
McComb,MS,0.021096374449177002,0.0226461460781735,0.023224543928813235,31.2442,-90.4717,16672.0,39648
Farmington,MO,0.004054283152851834,0.004087053465483326,0.004081640144384835,37.7821,-90.4288,46331.0,63640
Charleston,SC,0.03728020764362694,0.03917468816899916,0.040108479104065564,32.8153,-79.9628,628377.0,29414
Panama City,FL,0.034644937855101476,0.03759202212307655,0.03822591963176403,30.1995,-85.6004,136133.0,32401
Lewiston,ME,0.03254813658176836,0.034448945136834164,0.035814146650426926,44.0915,-70.1681,58802.0,04240
Bremerton,WA,0.04422137016497962,0.046720213417223766,0.04793466853010986,47.5436,-122.7122,218400.0,98312
Kill Devil Hills,NC,0.024603875139934006,0.025330706623051924,0.026035205476891976,36.0167,-75.6699,20951.0,27948
Ottumwa,IA,0.02106093486746685,0.022197891525459923,0.022778436397171697,41.0196,-92.4186,24121.0,52501
Pecos,TX,0.10314565203639425,0.10941508122907795,0.11275716947733194,31.4046,-103.5057,14040.0,79772
Phoenix,AZ,0.04064051582203665,0.04137057784170728,0.042266824260353664,33.5722,-112.0891,4219697.0,85008
Omaha,NE,0.028354240751810256,0.03055732648532028,0.03129454708553525,41.2627,-96.0522,847819.0,68112
Sweetwater,TX,0.02584182910873256,0.027527529873254686,0.028580543196261132,32.4693,-100.4092,9836.0,79556
Clovis,NM,0.02574925466116973,0.02731097349940792,0.028195701121510153,34.4376,-103.1923,42168.0,88101
Alice,TX,0.028779475664568288,0.030840740226408814,0.031583534364289845,27.7556,-98.0653,20510.0,78332
Somerset,KY,0.025833081878369413,0.027338731278315986,0.028359295860965306,37.0815,-84.6091,30053.0,42503
San Diego,CA,0.04986941583096316,0.05222271776308296,0.05391932143701772,32.8312,-117.1225,3220118.0,92109
Mitchell,SD,0.01634660805555921,0.016940522341154507,0.01741237761617387,43.7296,-98.0337,15372.0,57301
Durango,CO,0.023229328128448357,0.024090386654355145,0.02468800911566782,37.2659,-107.8782,20203.0,81301
Lynchburg,VA,0.033333827008116046,0.03567693318080356,0.03647813234223629,37.4003,-79.1909,126814.0,24504
Mexico,MO,0.020513553293447062,0.021102319953033577,0.02186724700296483,39.1625,-91.8711,11330.0,65265
Binghamton,NY,0.02287702756404486,0.02436358631289126,0.0250327801339032,42.1014,-75.9093,148145.0,13904
Elmira,NY,0.019794464896446096,0.022047742684838667,0.022923066492502864,42.0938,-76.8097,62989.0,14901
Rochelle,IL,0.00425205631159975,0.0043421626698794125,0.004352569961156405,41.9195,-89.0632,10723.0,61068
Mountain Home,ID,0.0312327483973609,0.0334653148176951,0.034487514435455946,43.1324,-115.6972,16945.0,83647
Sunbury,PA,0.024898283574107616,0.026729777952377853,0.027584637491725683,40.8617,-76.7874,27921.0,17801
Del Rio,TX,0.03127807559867257,0.03295058631130221,0.03393724960366451,29.3708,-100.88,44121.0,78840
Buffalo,NY,0.026337351368231454,0.028066034491544434,0.028728412369105616,42.9016,-78.8487,914341.0,14208
Dyersburg,TN,0.018622126348007084,0.01998410836945319,0.020761502674563115,36.0465,-89.3777,20839.0,38024
Hinesville,GA,0.02555241512301265,0.02675101670672997,0.02742292805144997,31.8247,-81.6135,51206.0,31313
Moscow,ID,0.032710379326005734,0.03505580631775351,0.03628378767299334,46.7307,-116.9986,26145.0,83843
Juneau,AK,0.028740231804267546,0.030425946432083073,0.03145113427893409,58.4546,-134.1739,25085.0,99824
Colorado Springs,CO,0.036204813834909366,0.038802401825399624,0.040074855086878136,38.8674,-104.7606,642413.0,80951
Tyler,TX,0.0262790498571861,0.028085921119565427,0.028703734400078895,32.3184,-95.3062,143796.0,75709
Hannibal,MO,0.02176049204959285,0.02359150307963298,0.024082953828560516,39.7097,-91.3939,17884.0,63401
Malvern,AR,0.028918582620040434,0.03040143116626015,0.03133199940938014,34.3734,-92.8205,11851.0,72104
Beeville,TX,0.035752540183803694,0.038457622702222194,0.039983528139256874,28.4059,-97.7494,18068.0,78102
Roswell,NM,0.030881219301616136,0.03233054244562972,0.03326134447949913,33.373,-104.5294,48889.0,88203
Liberal,KS,0.031015516198591442,0.032274647423556235,0.03306071246808706,37.0466,-100.9295,18990.0,67901
Milledgeville,GA,0.0123997679712462,0.012596833841686417,0.012975725436295882,33.0874,-83.2414,31471.0,31062
New Castle,IN,0.008527603630414937,0.009276525014744186,0.009617191772924638,39.919,-85.3697,21555.0,47362
Barre,VT,0.03918958229202074,0.04116013292301046,0.04229912531664248,44.1997,-72.5083,20421.0,05641
Reno,NV,0.035046799674608886,0.0348350913706541,0.03612341491514193,39.5497,-119.8483,445020.0,89521
Virginia Beach,VA,0.029902433421439945,0.03218708658736413,0.0325835009384714,36.7335,-76.0435,1478868.0,23459
Bainbridge,GA,0.02587976577944051,0.026952685003455823,0.027655160342695106,30.9046,-84.5727,11529.0,39819
Uvalde,TX,0.035052022909834335,0.03723009561957347,0.03836453436250209,29.2153,-99.7782,18406.0,78801
Guymon,OK,0.030155386822604102,0.0318046887229253,0.03273056067411284,36.6901,-101.4776,10895.0,73942
Alexandria,LA,0.02761070911256036,0.029652279897722567,0.030582075905557726,31.2923,-92.4702,80129.0,71302
Connersville,IN,0.0028509614560805474,0.002304582419273782,0.00246942156490193,39.6581,-85.141,14566.0,47331
Harrisburg,PA,0.024889022250705217,0.026096644995529772,0.02679715951951045,40.2752,-76.8843,442289.0,17101
Taos,NM,0.018964558540296217,0.020047290053140765,0.020509531068939824,36.3871,-105.5804,14196.0,87571
McMinnville,TN,0.029001957694129832,0.03072523629326862,0.03158090917669876,35.6863,-85.7812,15570.0,37110
Van Wert,OH,0.027455545495375322,0.028629344781114785,0.029369942277707617,40.865,-84.5879,10579.0,45891
Visalia,CA,0.03581104884235775,0.03785965777040534,0.03865837997182875,36.3276,-119.3269,237386.0,93277
Shelton,WA,0.051672678263343874,0.05463281461016467,0.05662461547680886,47.2186,-123.112,20264.0,98584
Athens,TN,0.025713447486983565,0.0270151617731047,0.02791331417539955,35.4573,-84.6045,16651.0,37303
York,PA,0.021924815705506084,0.023356705435344738,0.02405943662864618,39.9651,-76.7315,233184.0,17404
Trenton,NJ,0.023630514426218774,0.025143018122705696,0.026227922846183693,40.2236,-74.7641,290716.0,08638
Vidalia,GA,0.029451798369615867,0.03177376048769287,0.032667593297342146,32.2125,-82.4019,13350.0,30474
North Vernon,IN,0.023728179391636628,0.025005398551835922,0.02560400542364305,39.017,-85.6317,11310.0,47265
Columbus,NE,0.038200688137021155,0.04076330416611529,0.041786193921793835,41.4368,-97.3563,23463.0,68601
Huron,SD,0.045436449641830245,0.04793157181178431,0.049197057466507266,44.3622,-98.2102,13427.0,57350
Riverton,WY,0.030532876518168273,0.0327977176105132,0.03375609219792031,43.0421,-108.414,12445.0,82501
Wahpeton,ND,0.03161748260413488,0.033616662824090815,0.03493823152137154,46.2722,-96.6118,11067.0,58075
Zapata,TX,0.035302412044697196,0.03836639807894415,0.03935408417665309,26.9027,-99.2612,4585.0,78076
Appleton,WI,0.020705764882230415,0.021944109682788815,0.02247622382190384,44.2779,-88.3891,220570.0,54914
Centralia,WA,0.04111779195266241,0.04314443712675886,0.044479503996091685,46.7226,-122.9696,42922.0,98531
Bloomington,IN,0.026239491597843667,0.02807786916013222,0.028900840811933337,39.1637,-86.5257,115884.0,47406
Columbia,SC,0.020229300517123017,0.02172937813357656,0.022165011008753677,34.0376,-80.9037,560041.0,29202
Des Moines,IA,0.026301614291442954,0.027694112532320236,0.02838356361012173,41.5725,-93.6105,473957.0,50309
Twin Falls,ID,0.03892675466129725,0.041696901139586684,0.04210668933566453,42.5645,-114.4615,55556.0,83301
Vero Beach,FL,0.034824997662602275,0.034951001344983634,0.0362717371151946,27.6463,-80.393,17503.0,32960
Grants Pass,OR,0.03253374712375834,0.03549691320998338,0.03605106437226224,42.4333,-123.3317,55837.0,97526
Logan,WV,0.02886908010778666,0.03099168480399883,0.032036394265736234,37.8509,-81.9857,8882.0,25601
Altoona,PA,0.029286351940789768,0.030960509071081832,0.03217643193927011,40.5082,-78.4007,74829.0,16601
Eureka,CA,0.04995320535184833,0.053006942865925444,0.05458813187628331,40.7942,-124.1568,44236.0,95503
Erie,PA,0.020266284964606474,0.021393179844440224,0.022064884688062447,42.1168,-80.0733,184484.0,16546
Corning,NY,0.02106605315083332,0.022513166187994482,0.023095048494792714,42.147,-77.0561,19296.0,14830
Red Wing,MN,0.03669714095705734,0.03887861163770778,0.0401589882135982,44.5816,-92.6036,14245.0,55089
Wapakoneta,OH,0.03343241153576737,0.03499580781446987,0.0357496874917993,40.5663,-84.1915,10500.0,45895
Ithaca,NY,0.03396858490545562,0.03659132412717225,0.03721570081768988,42.4442,-76.5032,55137.0,14853
Raleigh,NC,0.024214177108457857,0.025382654490174517,0.026195065557234498,35.8325,-78.6435,1038738.0,27617
Rutland,VT,0.02819260847830929,0.029622420052198173,0.030587261943136435,43.6091,-72.9782,18131.0,05701
Morgan City,LA,0.02199399996949758,0.023009227722061043,0.023617020816081746,29.7041,-91.192,27728.0,70380
Beckley,WV,0.020246414884725228,0.021189093144443838,0.021935114156989233,37.7878,-81.1841,57942.0,25801
Anchorage,AK,0.032727230267987295,0.03585520868746639,0.037066507157575534,61.1508,-149.1091,247949.0,99518
Sanford,NC,0.019457898064821233,0.020509450673596774,0.02102642094303464,35.4874,-79.1772,35467.0,27330
Bozeman,MT,0.040798284933101,0.043771181969217254,0.04517492943952184,45.6832,-111.0552,57695.0,59718
Carson City,NV,0.03871942492063929,0.03928406316248312,0.04012741959842714,39.1512,-119.7474,58756.0,89701
Houghton,MI,0.033260727794306444,0.03476256342776418,0.035347557243893934,47.1119,-88.5672,15543.0,49931
Olympia,WA,0.03775903972907546,0.04004868075652701,0.04075298245742176,47.0417,-122.8959,200915.0,98501
Evanston,WY,0.026299544401203967,0.027453023983168512,0.028135045330884623,41.2602,-110.9646,11319.0,82930
Fallon,NV,0.020507372509052102,0.02084841345274957,0.020848199230595554,39.4738,-118.778,16313.0,89406
Galesburg,IL,0.013036420701519447,0.014033420068159774,0.01452536371449753,40.9506,-90.3763,33767.0,61401
Johnson City,TN,0.02898397417332177,0.030934921731477827,0.031711530773054,36.3406,-82.3803,127571.0,37614
Pittsburgh,PA,0.028995869258189533,0.030845561504730057,0.03162242283587413,40.4396,-79.9762,1703266.0,15216
Russellville,AR,0.02875279136046749,0.03010462034493533,0.03101187760948121,35.2763,-93.1383,34205.0,72802
Portland,OR,0.04395102846678567,0.04581933545532513,0.04669492108816198,45.5372,-122.65,2074775.0,97227
Norfolk,NE,0.029566795559778702,0.030768570116653127,0.031491910052885874,42.0327,-97.4208,27032.0,68701
Stephenville,TX,0.028318974544213393,0.030234905461185457,0.03112720970377092,32.2148,-98.2205,20841.0,76401
Big Spring,TX,0.05848583705848709,0.06249059208359653,0.06435657455992017,32.2387,-101.4802,28913.0,79720
Springfield,MA,0.031166698894703915,0.03250855599314817,0.03368133134747886,42.1155,-72.5395,623401.0,01151
Meadville,PA,0.0281242488309279,0.03017318389206869,0.031147343953924267,41.6476,-80.1468,22580.0,16335
Huntington,WV,0.024329333641105233,0.026200029941745306,0.02687781269079559,38.4109,-82.4344,186034.0,25703
Boulder,CO,0.04367975962580539,0.04656546535600459,0.04767606232001631,40.0249,-105.2523,124345.0,80310
Wauchula,FL,0.038116033619718825,0.0409276858606642,0.04150895858011627,27.5469,-81.8101,13992.0,33873
Alexandria,MN,0.022285962328351783,0.024783052260709537,0.025521152634589317,45.8777,-95.3766,21204.0,56308
Owosso,MI,0.024827131935704516,0.026386127925224434,0.02703786822326948,42.9955,-84.176,21315.0,48867
Bellefontaine,OH,0.02270326333277195,0.02409002663731985,0.024946285381148403,40.3627,-83.763,13114.0,43311
Big Rapids,MI,0.00854918703153884,0.009285967754636637,0.009511565933758126,43.6992,-85.4806,13921.0,49307
Marion,OH,0.011322453368949104,0.012418409686544729,0.012409111507770687,40.5933,-83.1237,45181.0,43302
Dixon,IL,0.009485384392434293,0.010448452264841146,0.010710315185642916,41.8439,-89.4794,16195.0,61021
Bangor,ME,0.03241948468510625,0.03425017930278651,0.035586562836603886,44.8322,-68.7906,59772.0,04401
Henderson,NC,0.01883383485849488,0.0197413235581414,0.020235664900518202,36.3259,-78.4155,20238.0,27536
Traverse City,MI,0.041107399328692784,0.04310564785511839,0.04403056072534017,44.7547,-85.6035,50522.0,49686
Eugene,OR,0.03633548211541582,0.03868648668282182,0.03957572637648288,44.0563,-123.1173,273439.0,97405
College Station,TX,0.03434668607050373,0.0367462179221536,0.03773061232843,30.5852,-96.296,215243.0,77845
Gainesville,TX,0.025639369220852526,0.02747326136529238,0.02815106511412302,33.6391,-97.1488,16615.0,76240
Brookings,OR,0.033591684637948704,0.03657956271844953,0.037693741207895703,42.0697,-124.3003,11162.0,97415
Douglas,GA,0.022129707050277503,0.023624008891200754,0.024234002214548855,31.5065,-82.8543,14283.0,31533
Spencer,IA,0.01898757403140716,0.019959381445976643,0.020580164541706747,43.1468,-95.1534,10678.0,51301
The Villages,FL,0.039726881840892014,0.0411274798213217,0.04253841108563394,28.9021,-81.9888,77609.0,34785
Roseburg,OR,0.03720114429329335,0.04039581369384071,0.041467373965633714,43.2232,-123.3518,46228.0,97470
Allentown,PA,0.02871533156746331,0.02998845196037947,0.030781153035857267,40.5961,-75.4756,683794.0,18105
Cambridge,MD,-0.01781147724469201,-0.018398247125561373,-0.018825667865483564,38.5515,-76.0786,14178.0,21613
El Campo,TX,0.024125694892014327,0.025780058694038432,0.026702957479191936,29.1987,-96.2724,11655.0,77437
Dubuque,IA,0.024454970752585625,0.02555943295089813,0.026288368950593943,42.5008,-90.7067,68109.0,52002
Brownsville,TX,0.015548148301430365,0.016506547039871755,0.016798496740010105,25.998,-97.4565,227239.0,78521
Houma,LA,0.02602383842041367,0.02767168979095569,0.028561314424938367,29.5799,-90.7058,140469.0,70363
Cedar City,UT,0.03529135973669639,0.037524757399865605,0.0392474064901458,37.6834,-113.0956,39995.0,84720
Klamath Falls,OR,0.06670199551448519,0.07103822109112512,0.07322286138952672,42.2191,-121.7754,43246.0,97603
Canton,IL,0.007513117051101137,0.007861568873017921,0.007939160785117139,40.5632,-90.0409,13611.0,61520
Burlington,VT,0.03437464694945369,0.03679116019645301,0.03795465146743715,44.4877,-73.2314,109763.0,05405
Kahului,HI,0.041911767387914356,0.044737107429595246,0.04559683358864519,20.8715,-156.4603,32312.0,96732
Blytheville,AR,0.015608054303803076,0.01645492858857156,0.016844938275988985,35.9321,-89.9051,15693.0,72315
Shreveport,LA,0.00429585001270838,0.004960788936055005,0.005184598088888048,32.4656,-93.7956,280062.0,71129
Astoria,OR,0.038383590388352706,0.04036751003406169,0.04144484437489848,46.1856,-123.8053,14916.0,97103
Beatrice,NE,0.015563679613550985,0.016061895993189523,0.01708363555737491,40.2737,-96.7454,12226.0,68310
Sayre,PA,0.037208826025280306,0.03942160672308748,0.04054114693762667,41.9855,-76.5207,17281.0,18840
Muscatine,IA,0.018379628613009125,0.019160654410653954,0.019437699703334754,41.4196,-91.068,26168.0,52761
Hutchinson,KS,0.010332832878106046,0.011360367864775345,0.011689113608061241,38.0671,-97.9081,42531.0,67502
Jacksonville,IL,0.022951241875595718,0.024039928893818896,0.024278693469357515,39.7292,-90.2318,21685.0,62650
Durham,NC,0.026885009600536636,0.02841047239292216,0.02895200919027352,35.9794,-78.9031,424700.0,27703
New Bern,NC,0.022248598061999525,0.024092542195868205,0.024998869183703087,35.0955,-77.0723,51308.0,28560
Hartford,CT,0.020824358988443148,0.022110333016400308,0.022584156358490537,41.7661,-72.6834,905152.0,06106
Jamestown,NY,0.025867569879745256,0.027166447124893356,0.027904713797000102,42.0975,-79.2366,40493.0,14701
La Grande,OR,0.02950672755435657,0.031621126872653615,0.03233660005974315,45.3243,-118.0865,15515.0,97850
Corvallis,OR,0.03681898171582931,0.03982993925638367,0.04098341669252581,44.5697,-123.278,67467.0,97333
Brevard,NC,0.02751223578902029,0.02864087975720575,0.029560623423424026,35.2439,-82.7264,13666.0,28712
Rocky Mount,NC,0.017341568516891837,0.01858325608615896,0.019439867297520452,35.9676,-77.8048,64018.0,27804
Valdosta,GA,0.0264196230338396,0.0275023799426124,0.028246548073798117,30.8502,-83.2788,79820.0,31698
Columbia,MO,0.019341103599030074,0.020638412990268806,0.02114909502459983,38.9478,-92.3256,141645.0,65202
Chico,CA,0.0458033410620553,0.04902764400274995,0.050535131380339715,39.7575,-121.8152,117668.0,95973
Olean,NY,0.01770055204664822,0.018408939643490774,0.01901046922988625,42.0819,-78.4321,20755.0,14760
Enid,OK,0.028474099096647665,0.030864495840132733,0.03165317081045593,36.4061,-97.8701,47907.0,73701
Casper,WY,0.0130045725259893,0.01380244133048003,0.013968130971974801,42.842,-106.3207,67598.0,82604
Garden City,KS,0.028410029471511944,0.030182449630248298,0.03085054071317206,37.9754,-100.8529,29659.0,67846
Escanaba,MI,0.028513394483843157,0.030686662096712114,0.031698875354661205,45.7477,-87.09,20094.0,49829
Camden,AR,0.014801432177353524,0.016285033385971426,0.016507502663019924,33.5672,-92.8467,10058.0,71701
Williamsport,PA,0.029994727743376748,0.03155948023958133,0.0323118425682678,41.2398,-77.0371,53861.0,17701
Truckee,CA,0.042931380539832364,0.04592823495778675,0.04749166187885123,39.3455,-120.1848,12554.0,96161
Peru,IN,0.008464022833646112,0.008835160636144312,0.009254242695289738,40.7594,-86.0757,12642.0,46970
Summerville,GA,0.02682819661674052,0.028554878335439238,0.029655197098894748,34.4787,-85.3491,10331.0,30747
Bartlesville,OK,0.023366136723729447,0.02464948423677704,0.025274711004344974,36.7357,-95.9453,39301.0,74006
Lawrence,KS,0.026996066953652198,0.028804440493001904,0.02957595395008794,38.9597,-95.2641,98648.0,66045
Springfield,IL,0.013838292516615391,0.014716843242822186,0.01518376186617143,39.771,-89.6538,158509.0,62711
Toccoa,GA,0.026405814026044583,0.027891535702967873,0.028663160212720307,34.5807,-83.3256,10647.0,30577
Tampa,FL,0.03790887444963986,0.041118647367130556,0.04250465745435661,27.9942,-82.4451,2908063.0,33637
Deming,NM,-0.014923426502845949,-0.015255854833120086,-0.015737487285029328,32.2631,-107.7525,13924.0,88030
Tupelo,MS,0.008164784874249875,0.009098929401690325,0.0093471232805169,34.2692,-88.7318,45466.0,38804
Memphis,TN,0.01901760601476643,0.02004277906473506,0.020643609726687773,35.1046,-89.9773,1066967.0,38120
Abilene,TX,0.028392472804753988,0.030034947901715014,0.031051215999881254,32.4543,-99.7384,116412.0,79605
Gadsden,AL,0.03589047458505479,0.038470039253156285,0.03964843141730645,34.009,-86.0156,60944.0,35901
Plattsburgh,NY,0.02142716037482173,0.02112933539905204,0.02171485136347817,44.6951,-73.4563,28740.0,12901
Gainesville,FL,0.03155134008614935,0.03397706929236066,0.03538993090328302,29.6804,-82.3458,202335.0,32609
Waco,TX,0.026456404795874633,0.02834268957628594,0.029247711492792927,31.5598,-97.1881,192315.0,76798
Wausau,WI,0.02312557034996532,0.02413312428411407,0.024601552967609353,44.962,-89.6459,73593.0,54401
Whitewater,WI,0.021684211525911268,0.022132793792010164,0.02309897258572846,42.8372,-88.7341,14725.0,53190
Iowa City,IA,0.019736460197735672,0.02059913948048564,0.02114422641879332,41.6559,-91.5303,118041.0,52245
Ashland,OH,0.010993910591926337,0.011518452658543676,0.011684806336796028,40.8668,-82.3156,20140.0,44805
Homosassa Springs,FL,0.02840007806394995,0.030946631539768177,0.0319162968301796,28.8118,-82.5392,13477.0,34448
Monroe,LA,0.028005906558720373,0.029989454399734106,0.030832192256432744,32.5183,-92.0774,112891.0,71209
Mount Pleasant,TX,0.021914816121497482,0.023020202346294427,0.023610955326343275,33.1613,-94.9717,16412.0,75455
Newton,IA,0.0203877515844495,0.021852470978999117,0.022404985932064747,41.6964,-93.0402,15580.0,50208
Shelbyville,TN,0.02271934330596337,0.024889079489776922,0.02589268866020311,35.4987,-86.4516,21741.0,37160
Oneonta,NY,0.03942588269866465,0.0414052096221853,0.04270459623756495,42.4551,-75.0666,17236.0,13820
Hanford,CA,0.03866428410033551,0.040506060672226285,0.04184755037530441,36.3274,-119.6549,94028.0,93230
Billings,MT,0.03044643440853223,0.03224260830811976,0.03281658550045874,45.7891,-108.5524,120728.0,59106
Cordele,GA,0.028648938145859004,0.03032979499822197,0.03105329359713993,31.9563,-83.7694,11719.0,31015
Elko,NV,0.03351715097163965,0.036515281322936355,0.03756861663074562,40.8387,-115.7674,21179.0,89801
Faribault,MN,0.04002483062013207,0.0420772069058204,0.042817726288303826,44.2985,-93.2786,24250.0,55021
Worcester,MA,0.0353872139913074,0.03661634386381807,0.037692582023300725,42.2705,-71.8079,498328.0,01610
Lansing,MI,0.029992693003967785,0.03137346676379171,0.032369421764822714,42.7142,-84.5601,324286.0,48933
Rolla,MO,0.023829537182989302,0.025343128576098994,0.02604816764051887,37.9458,-91.7608,21059.0,65401
Lebanon,MO,0.0197137940274561,0.02131734581024025,0.02199922462753623,37.6717,-92.6603,14360.0,65536
Pine Bluff,AR,0.019738831499104048,0.021464489960529853,0.02210297939378214,34.2116,-92.0178,45204.0,71602
Sidney,OH,0.02379889621756681,0.025680290645845094,0.026581686383569503,40.2891,-84.1667,21148.0,45365
Ocala,FL,0.029203199028395188,0.031370915464415505,0.03266605277725909,29.178,-82.1511,169383.0,34475
Atlanta,GA,0.027262733976731512,0.029467023880741516,0.03063412528854159,33.7627,-84.4224,5449398.0,30334
Bay City,TX,0.035861262982661346,0.037728528665483596,0.03874437942177278,28.9838,-95.9601,18661.0,77414
Brownwood,TX,0.03264914926217055,0.034416425130901596,0.03545237086442499,31.7127,-98.9767,21729.0,76801
LaGrange,GA,0.022378911552825675,0.02368192078065534,0.024351620755813208,33.0274,-85.0384,35721.0,30240
Summit Park,UT,0.03427055842427906,0.03588149890791015,0.03734346556042989,40.7432,-111.5814,8273.0,84098
Johnstown,PA,0.004310819029165414,0.0044873335034121276,0.00454522721057149,40.3258,-78.9193,63141.0,15906
Concord,NH,0.03967548128594833,0.041817709326131824,0.04289152372972649,43.2305,-71.5595,43542.0,03303
Paragould,AR,0.026960919103613534,0.028527860182893328,0.02927957807520598,36.0555,-90.5149,27328.0,72450
Hereford,TX,0.04964876170237997,0.05250737784073278,0.054184312479342855,34.8232,-102.4001,15164.0,79045
Pierre,SD,0.036396799072142105,0.03846989092133857,0.03948157684953468,44.3748,-100.3205,14659.0,57501
Eagle Pass,TX,0.030731439607484035,0.032228887620606717,0.03326215382627695,28.7125,-100.484,55686.0,78852
Fond du Lac,WI,0.019193369283149853,0.020616318553343227,0.021284436827231135,43.7718,-88.4396,55209.0,54937
Scottsboro,AL,0.020281609603040707,0.021231845415976114,0.021734365194131078,34.6438,-86.0491,9841.0,35768
Sedalia,MO,0.03525474718134092,0.03680411722753352,0.038019448486431795,38.7042,-93.2351,26473.0,65301
Jackson,MI,0.023329129045326136,0.02464198683739438,0.025139457344039995,42.2431,-84.4037,87110.0,49202
Orangeburg,SC,0.01601121932640237,0.01679891192019478,0.01714887823903255,33.4928,-80.867,30365.0,29118
Campbellsville,KY,0.015319374445965872,0.0165569889483963,0.016956687145742944,37.3446,-85.3511,14772.0,42718
New Philadelphia,OH,-0.0014876311321287972,-0.0016615170739515683,-0.0012650582004295474,40.486,-81.4402,46698.0,44663
Charlotte,NC,0.028709709844190634,0.03036476911466468,0.031307882518432306,35.208,-80.8304,1512923.0,28269
Cambridge,OH,0.01780908931439873,0.01842313443683441,0.01890959840663431,40.0221,-81.5868,14736.0,43725
Sebring,FL,0.03986344849665735,0.04222439620083951,0.042462502766917654,27.477,-81.453,62250.0,33870
New York,NY,0.036720774297116954,0.03912856529305775,0.040688944327833765,40.6943,-73.9249,18713220.0,11229
Laredo,TX,0.009579868709749917,0.010577320265879875,0.010679582967593637,27.5629,-99.4875,262079.0,78046
Fredericksburg,TX,0.03971602209640368,0.04215634955691794,0.043365368212036515,30.2661,-98.8749,12567.0,78624
Coeur d'Alene,ID,0.05197326949538095,0.05426350527507773,0.05602738549061481,47.7041,-116.7935,116834.0,83815
Albert Lea,MN,0.009002859636330074,0.00924698053596651,0.009654181279741714,43.6547,-93.3642,17511.0,56007
Vineyard Haven,MA,0.05239021914641784,0.055099010621248334,0.05673199182295452,41.4565,-70.6069,1887.0,02568
Bradford,PA,0.022124665279004363,0.023673402017248435,0.024325437941054018,41.9604,-78.6414,11311.0,16701
Kendallville,IN,0.017885815032957497,0.01895560036172106,0.0193257319849669,41.4441,-85.2578,10432.0,46755
Bogalusa,LA,0.005883145949596269,0.006424476930259937,0.0065333148325663615,30.7812,-89.8633,11486.0,70427
Lincoln,NE,0.02919304498290254,0.03119284081949636,0.031905235784948305,40.809,-96.6788,289490.0,68528
Victoria,TX,0.01593795129015141,0.016559615773160896,0.01694586515216434,28.8285,-96.985,68078.0,77901
Dover,DE,0.005774081492570193,0.005924203375825332,0.006286583476557528,39.161,-75.5203,117282.0,19902
Madison,IN,0.020821965755199567,0.021618278957610926,0.02222506956773107,38.7581,-85.3974,18109.0,47250
Athens,TX,0.033567404540995494,0.03540727063803195,0.036215711272093554,32.2041,-95.8321,12210.0,75751
Provo,UT,0.030898574347847818,0.032715439080696296,0.03363954011709569,40.2457,-111.6457,500617.0,84604
Morgantown,WV,0.033151628352670715,0.035099088705020653,0.03603577202106556,39.638,-79.9468,72458.0,26501
Ruston,LA,0.033721247535983156,0.03577095808195363,0.036851523975355294,32.5329,-92.6363,27717.0,71272
Fairbanks,AK,0.021458508175930646,0.02264119574553458,0.02324101906388898,64.8353,-147.6534,63245.0,99701
Ocean City,NJ,0.04432538170708478,0.047415042474372227,0.048481107454953154,39.2682,-74.6019,10971.0,08226
Greenville,NC,0.0061529098061385845,0.006719835274187735,0.006753820334310712,35.5956,-77.3768,130118.0,27834
Fitzgerald,GA,0.01942892505869742,0.020592551054022135,0.021141720769532357,31.7135,-83.2515,11135.0,31750
Greenfield Town,MA,0.039705718528502576,0.04165560707827787,0.04278509157278698,42.614,-72.5985,22703.0,01301
Kennett,MO,0.009623710088038084,0.010277046298113657,0.010692591053602207,36.2403,-90.0481,10379.0,63857
Shelby,NC,0.02215244058399768,0.023408700569762964,0.02401707233593231,35.2904,-81.5451,26973.0,28152
Jacksonville,NC,0.027821791684672137,0.029718395485034854,0.030481081841194246,34.7288,-77.3941,108856.0,28546
Crossville,TN,0.0263557513390551,0.02758045551896493,0.02811463926325053,35.9527,-85.0294,17825.0,38571
Grand Rapids,MI,0.032581463747006545,0.03447731106127083,0.03540543866647217,42.962,-85.6562,609314.0,49546
Lebanon,PA,0.024518543709627805,0.025771646282942928,0.026391977566720293,40.3412,-76.4227,78302.0,17046
Burlington,IA,0.01931552795292024,0.02050878739214279,0.020995357226740063,40.8072,-91.1247,28474.0,52601
Laurinburg,NC,0.016935519949478284,0.017563300276082217,0.0178894984781639,34.7597,-79.4781,19889.0,28352
Auburn,IN,0.02101203951688646,0.02286302988521438,0.023471099412762264,41.3666,-85.0559,22994.0,46706
Fort Wayne,IN,0.022713386309666905,0.023831498590411337,0.024512075600912064,41.0886,-85.1437,334122.0,46835
Sturgis,MI,0.030460740291831323,0.032761830947491966,0.03368209255835586,41.7995,-85.4182,12881.0,49091
Wichita,KS,0.022106661926005078,0.02379234826085508,0.02441998417746083,37.6896,-97.3442,482249.0,67230
Youngstown,OH,0.014296590306242862,0.015225117546897149,0.015736742559852024,41.0993,-80.6463,378732.0,44502
Orlando,FL,0.03585622707834113,0.03775577646655348,0.03828810965982199,28.4772,-81.3369,1822394.0,32829
Hammond,LA,0.011095966236964072,0.011614006621383455,0.011741092798488895,30.5061,-90.4563,72413.0,70402
Show Low,AZ,0.04899021734119091,0.05199382743230685,0.05384461521014905,34.2671,-110.0384,11173.0,85901
Stamford,CT,0.023003617821567568,0.024956293382876193,0.0255227571048382,41.1035,-73.5583,129638.0,06906
New Castle,PA,0.01776304996342626,0.018666430203943873,0.01904577691220455,40.9956,-80.3459,38930.0,16102
Warrensburg,MO,0.021218552888471187,0.022147788422867576,0.022686857336819743,38.7627,-93.726,22410.0,64093
Michigan City,IN,0.01843024076075439,0.019175664579786922,0.019761222261662992,41.7099,-86.8705,65058.0,46360
Marshall,MN,0.014581374953578363,0.015088996523397125,0.015756383107186966,44.4488,-95.7897,13274.0,56258
Washington Court House,OH,0.0221699017810697,0.023267169751684635,0.02400592236345278,39.5383,-83.4279,15059.0,43160
Sault Ste. Marie,MI,0.012193489966640048,0.012822794238634527,0.013273106176435956,46.4817,-84.3723,12442.0,49783
Storm Lake,IA,0.02685966400192319,0.028315558925351425,0.028913086684486,42.6431,-95.1969,11066.0,50588
Farmington,NM,0.02219270557354247,0.02316027986017888,0.023906099075508003,36.7555,-108.1823,51309.0,87401
Frankfort,KY,0.02216936950959969,0.023688512633744274,0.024301569136164103,38.1924,-84.8643,38852.0,40604
Moses Lake,WA,0.03879927446675557,0.041573047269320984,0.04255448925118177,47.128,-119.2761,39002.0,98837
Sandusky,OH,0.017783288843766787,0.018272417920613293,0.018953621532423304,41.4437,-82.7149,46655.0,44870
Easton,MD,0.03187146955470066,0.03432557194378427,0.034992802493121644,38.776,-76.0702,17911.0,21601
The Dalles,OR,0.03492957739391933,0.03751491177755195,0.03874156684222707,45.6053,-121.1818,20442.0,97058
Albertville,AL,0.027638984005299072,0.02959152238670204,0.030131301602438265,34.2634,-86.2107,37775.0,35951
Dalton,GA,0.02959587170041078,0.03094628067623506,0.03147954895617788,34.769,-84.9712,86628.0,30721
Baltimore,MD,0.02925850152900389,0.03077952024205377,0.031359810351277106,39.3051,-76.6144,2106068.0,21218
Bismarck,ND,0.03670970147587127,0.040219905130343125,0.04134929351916017,46.8144,-100.7694,98345.0,58505
Defiance,OH,0.02368178745306526,0.02493079731660397,0.025720280286817276,41.281,-84.3661,18460.0,43512
Santa Cruz,CA,0.05272460463814621,0.05461395829192073,0.05605603558224814,36.9789,-122.0346,176428.0,95065
Boston,MA,0.042906130233400175,0.046009126201973505,0.047163878409413496,42.3188,-71.0846,4688346.0,02120
Mount Pleasant,MI,0.02324070785949872,0.024643185549336755,0.025279900942230205,43.5966,-84.7759,35694.0,48858
Great Falls,MT,0.021812436844702576,0.022993463769515943,0.023794887562557987,47.5022,-111.2995,65131.0,59405
Anniston,AL,0.011539607643921368,0.013193989002375783,0.013482504893835623,33.6712,-85.8136,73501.0,36201
New Haven,CT,0.02529741553491216,0.026617725124166602,0.027152929218553057,41.3112,-72.9246,564830.0,06519
Bloomington,IL,0.014703270906922583,0.015559531926677472,0.01600498966635655,40.4757,-88.9703,133846.0,61701
Manitowoc,WI,0.02508609365671366,0.02668588342265532,0.02752033215309435,44.0991,-87.6811,44770.0,54220
Fergus Falls,MN,0.021239881790067194,0.022023552867763918,0.022594158699327904,46.2853,-96.076,12683.0,56537
Lewisburg,PA,0.013600009395896784,0.01416291857940788,0.014150514206749065,40.9642,-76.8901,5708.0,17837
Bennettsville,SC,0.037533698790975345,0.039602724169576664,0.04073117625024758,34.6303,-79.6874,11086.0,29512
